MapDate,FIPS,County,State,None,D0,D1,D2,D3,D4,ValidStart,ValidEnd,StatisticFormatID
20231114,01001,Autauga County,AL,0.00,100.00,100.00,22.64,0.00,0.00,2023-11-14,2023-11-20,1
20231107,01001,Autauga County,AL,0.00,100.00,100.00,34.70,0.00,0.00,2023-11-07,2023-11-13,1
20231031,01001,Autauga County,AL,0.00,100.00,100.00,0.00,0.00,0.00,2023-10-31,2023-11-06,1
20231024,01001,Autauga County,AL,0.00,100.00,100.00,0.00,0.00,0.00,2023-10-24,2023-10-30,1
20231017,01001,Autauga County,AL,0.00,100.00,100.00,2.91,0.00,0.00,2023-10-17,2023-10-23,1
20231010,01001,Autauga County,AL,0.00,100.00,100.00,62.01,0.00,0.00,2023-10-10,2023-10-16,1
20231003,01001,Autauga County,AL,0.00,100.00,73.04,0.00,0.00,0.00,2023-10-03,2023-10-09,1
20230926,01001,Autauga County,AL,25.72,74.28,0.00,0.00,0.00,0.00,2023-09-26,2023-10-02,1
20230919,01001,Autauga County,AL,25.72,74.28,0.00,0.00,0.00,0.00,2023-09-19,2023-09-25,1
20230912,01001,Autauga County,AL,26.09,73.91,0.00,0.00,0.00,0.00,2023-09-12,2023-09-18,1
20230905,01001,Autauga County,AL,66.74,33.26,0.00,0.00,0.00,0.00,2023-09-05,2023-09-11,1
20230829,01001,Autauga County,AL,64.57,35.43,0.00,0.00,0.00,0.00,2023-08-29,2023-09-04,1
20230822,01001,Autauga County,AL,65.47,34.53,0.00,0.00,0.00,0.00,2023-08-22,2023-08-28,1
20230815,01001,Autauga County,AL,99.77,0.23,0.00,0.00,0.00,0.00,2023-08-15,2023-08-21,1
20230808,01001,Autauga County,AL,99.77,0.23,0.00,0.00,0.00,0.00,2023-08-08,2023-08-14,1
20230801,01001,Autauga County,AL,99.77,0.23,0.00,0.00,0.00,0.00,2023-08-01,2023-08-07,1
20231114,01003,Baldwin County,AL,0.00,100.00,100.00,100.00,99.99,0.00,2023-11-14,2023-11-20,1
20231107,01003,Baldwin County,AL,0.00,100.00,100.00,100.00,99.93,0.00,2023-11-07,2023-11-13,1
20231031,01003,Baldwin County,AL,0.00,100.00,100.00,100.00,99.93,0.00,2023-10-31,2023-11-06,1
20231024,01003,Baldwin County,AL,0.00,100.00,100.00,100.00,31.84,0.00,2023-10-24,2023-10-30,1
20231017,01003,Baldwin County,AL,0.00,100.00,100.00,100.00,31.79,0.00,2023-10-17,2023-10-23,1
20231010,01003,Baldwin County,AL,0.00,100.00,100.00,100.00,31.79,0.00,2023-10-10,2023-10-16,1
20231003,01003,Baldwin County,AL,0.00,100.00,100.00,100.00,32.28,0.00,2023-10-03,2023-10-09,1
20230926,01003,Baldwin County,AL,0.00,100.00,100.00,100.00,0.03,0.00,2023-09-26,2023-10-02,1
20230919,01003,Baldwin County,AL,0.00,100.00,100.00,42.85,0.03,0.00,2023-09-19,2023-09-25,1
20230912,01003,Baldwin County,AL,0.00,100.00,100.00,42.84,0.03,0.00,2023-09-12,2023-09-18,1
20230905,01003,Baldwin County,AL,0.00,100.00,100.00,12.54,0.00,0.00,2023-09-05,2023-09-11,1
20230829,01003,Baldwin County,AL,0.00,100.00,100.00,35.11,0.00,0.00,2023-08-29,2023-09-04,1
20230822,01003,Baldwin County,AL,0.00,100.00,99.92,0.00,0.00,0.00,2023-08-22,2023-08-28,1
20230815,01003,Baldwin County,AL,0.00,100.00,0.00,0.00,0.00,0.00,2023-08-15,2023-08-21,1
20230808,01003,Baldwin County,AL,100.00,0.00,0.00,0.00,0.00,0.00,2023-08-08,2023-08-14,1
20230801,01003,Baldwin County,AL,100.00,0.00,0.00,0.00,0.00,0.00,2023-08-01,2023-08-07,1
20231114,01005,Barbour County,AL,0.00,100.00,100.00,43.61,0.00,0.00,2023-11-14,2023-11-20,1
20231107,01005,Barbour County,AL,0.00,100.00,100.00,28.96,0.00,0.00,2023-11-07,2023-11-13,1
20231031,01005,Barbour County,AL,0.00,100.00,100.00,0.00,0.00,0.00,2023-10-31,2023-11-06,1
20231024,01005,Barbour County,AL,0.00,100.00,100.00,0.00,0.00,0.00,2023-10-24,2023-10-30,1
20231017,01005,Barbour County,AL,0.00,100.00,100.00,0.00,0.00,0.00,2023-10-17,2023-10-23,1
20231010,01005,Barbour County,AL,0.00,100.00,100.00,0.00,0.00,0.00,2023-10-10,2023-10-16,1
20231003,01005,Barbour County,AL,0.00,100.00,100.00,0.00,0.00,0.00,2023-10-03,2023-10-09,1
20230926,01005,Barbour County,AL,0.00,100.00,76.09,0.00,0.00,0.00,2023-09-26,2023-10-02,1
20230919,01005,Barbour County,AL,0.00,100.00,0.00,0.00,0.00,0.00,2023-09-19,2023-09-25,1
20230912,01005,Barbour County,AL,0.00,100.00,0.00,0.00,0.00,0.00,2023-09-12,2023-09-18,1
20230905,01005,Barbour County,AL,100.00,0.00,0.00,0.00,0.00,0.00,2023-09-05,2023-09-11,1
20230829,01005,Barbour County,AL,100.00,0.00,0.00,0.00,0.00,0.00,2023-08-29,2023-09-04,1
20230822,01005,Barbour County,AL,100.00,0.00,0.00,0.00,0.00,0.00,2023-08-22,2023-08-28,1
20230815,01005,Barbour County,AL,100.00,0.00,0.00,0.00,0.00,0.00,2023-08-15,2023-08-21,1
20230808,01005,Barbour County,AL,94.35,5.65,0.00,0.00,0.00,0.00,2023-08-08,2023-08-14,1
20230801,01005,Barbour County,AL,94.35,5.65,0.00,0.00,0.00,0.00,2023-08-01,2023-08-07,1
20231114,01007,Bibb County,AL,0.00,100.00,100.00,100.00,76.00,0.00,2023-11-14,2023-11-20,1
20231107,01007,Bibb County,AL,0.00,100.00,100.00,100.00,0.00,0.00,2023-11-07,2023-11-13,1
20231031,01007,Bibb County,AL,0.00,100.00,100.00,70.84,0.00,0.00,2023-10-31,2023-11-06,1
20231024,01007,Bibb County,AL,0.00,100.00,100.00,29.07,0.00,0.00,2023-10-24,2023-10-30,1
20231017,01007,Bibb County,AL,0.00,100.00,100.00,79.04,0.00,0.00,2023-10-17,2023-10-23,1
20231010,01007,Bibb County,AL,0.00,100.00,100.00,75.00,0.00,0.00,2023-10-10,2023-10-16,1
20231003,01007,Bibb County,AL,0.00,100.00,100.00,0.00,0.00,0.00,2023-10-03,2023-10-09,1
20230926,01007,Bibb County,AL,0.00,100.00,0.00,0.00,0.00,0.00,2023-09-26,2023-10-02,1
20230919,01007,Bibb County,AL,0.00,100.00,0.00,0.00,0.00,0.00,2023-09-19,2023-09-25,1
20230912,01007,Bibb County,AL,2.56,97.44,0.00,0.00,0.00,0.00,2023-09-12,2023-09-18,1
20230905,01007,Bibb County,AL,26.00,74.00,0.00,0.00,0.00,0.00,2023-09-05,2023-09-11,1
20230829,01007,Bibb County,AL,29.73,70.27,0.00,0.00,0.00,0.00,2023-08-29,2023-09-04,1
20230822,01007,Bibb County,AL,66.59,33.41,0.00,0.00,0.00,0.00,2023-08-22,2023-08-28,1
20230815,01007,Bibb County,AL,100.00,0.00,0.00,0.00,0.00,0.00,2023-08-15,2023-08-21,1
20230808,01007,Bibb County,AL,100.00,0.00,0.00,0.00,0.00,0.00,2023-08-08,2023-08-14,1
20230801,01007,Bibb County,AL,100.00,0.00,0.00,0.00,0.00,0.00,2023-08-01,2023-08-07,1
20231114,01009,Blount County,AL,0.00,100.00,100.00,100.00,100.00,0.00,2023-11-14,2023-11-20,1
20231107,01009,Blount County,AL,0.00,100.00,100.00,100.00,0.63,0.00,2023-11-07,2023-11-13,1
20231031,01009,Blount County,AL,0.00,100.00,100.00,100.00,0.63,0.00,2023-10-31,2023-11-06,1
20231024,01009,Blount County,AL,0.00,100.00,100.00,100.00,0.00,0.00,2023-10-24,2023-10-30,1
20231017,01009,Blount County,AL,0.00,100.00,100.00,14.33,0.00,0.00,2023-10-17,2023-10-23,1
20231010,01009,Blount County,AL,0.00,100.00,45.33,0.00,0.00,0.00,2023-10-10,2023-10-16,1
20231003,01009,Blount County,AL,0.00,100.00,35.51,0.00,0.00,0.00,2023-10-03,2023-10-09,1
20230926,01009,Blount County,AL,66.19,33.81,0.00,0.00,0.00,0.00,2023-09-26,2023-10-02,1
20230919,01009,Blount County,AL,65.80,34.20,0.00,0.00,0.00,0.00,2023-09-19,2023-09-25,1
20230912,01009,Blount County,AL,100.00,0.00,0.00,0.00,0.00,0.00,2023-09-12,2023-09-18,1
20230905,01009,Blount County,AL,100.00,0.00,0.00,0.00,0.00,0.00,2023-09-05,2023-09-11,1
20230829,01009,Blount County,AL,100.00,0.00,0.00,0.00,0.00,0.00,2023-08-29,2023-09-04,1
20230822,01009,Blount County,AL,100.00,0.00,0.00,0.00,0.00,0.00,2023-08-22,2023-08-28,1
20230815,01009,Blount County,AL,100.00,0.00,0.00,0.00,0.00,0.00,2023-08-15,2023-08-21,1
20230808,01009,Blount County,AL,100.00,0.00,0.00,0.00,0.00,0.00,2023-08-08,2023-08-14,1
20230801,01009,Blount County,AL,100.00,0.00,0.00,0.00,0.00,0.00,2023-08-01,2023-08-07,1
20231114,01011,Bullock County,AL,0.00,100.00,100.00,0.00,0.00,0.00,2023-11-14,2023-11-20,1
20231107,01011,Bullock County,AL,0.00,100.00,100.00,0.00,0.00,0.00,2023-11-07,2023-11-13,1
20231031,01011,Bullock County,AL,0.00,100.00,73.28,0.00,0.00,0.00,2023-10-31,2023-11-06,1
20231024,01011,Bullock County,AL,0.00,100.00,75.45,0.00,0.00,0.00,2023-10-24,2023-10-30,1
20231017,01011,Bullock County,AL,0.00,100.00,29.97,0.00,0.00,0.00,2023-10-17,2023-10-23,1
20231010,01011,Bullock County,AL,0.00,100.00,30.94,0.00,0.00,0.00,2023-10-10,2023-10-16,1
20231003,01011,Bullock County,AL,0.00,100.00,28.23,0.00,0.00,0.00,2023-10-03,2023-10-09,1
20230926,01011,Bullock County,AL,32.76,67.24,0.33,0.00,0.00,0.00,2023-09-26,2023-10-02,1
20230919,01011,Bullock County,AL,32.76,67.24,0.00,0.00,0.00,0.00,2023-09-19,2023-09-25,1
20230912,01011,Bullock County,AL,33.98,66.02,0.00,0.00,0.00,0.00,2023-09-12,2023-09-18,1
20230905,01011,Bullock County,AL,100.00,0.00,0.00,0.00,0.00,0.00,2023-09-05,2023-09-11,1
20230829,01011,Bullock County,AL,100.00,0.00,0.00,0.00,0.00,0.00,2023-08-29,2023-09-04,1
20230822,01011,Bullock County,AL,100.00,0.00,0.00,0.00,0.00,0.00,2023-08-22,2023-08-28,1
20230815,01011,Bullock County,AL,100.00,0.00,0.00,0.00,0.00,0.00,2023-08-15,2023-08-21,1
20230808,01011,Bullock County,AL,90.62,9.38,0.00,0.00,0.00,0.00,2023-08-08,2023-08-14,1
20230801,01011,Bullock County,AL,89.64,10.36,0.00,0.00,0.00,0.00,2023-08-01,2023-08-07,1
20231114,01013,Butler County,AL,0.00,100.00,100.00,100.00,1.65,0.00,2023-11-14,2023-11-20,1
20231107,01013,Butler County,AL,0.00,100.00,100.00,100.00,1.65,0.00,2023-11-07,2023-11-13,1
20231031,01013,Butler County,AL,0.00,100.00,100.00,93.29,1.65,0.00,2023-10-31,2023-11-06,1
20231024,01013,Butler County,AL,0.00,100.00,100.00,53.45,0.50,0.00,2023-10-24,2023-10-30,1
20231017,01013,Butler County,AL,0.00,100.00,100.00,47.74,0.00,0.00,2023-10-17,2023-10-23,1
20231010,01013,Butler County,AL,0.00,100.00,100.00,50.15,0.00,0.00,2023-10-10,2023-10-16,1
20231003,01013,Butler County,AL,0.00,100.00,100.00,2.54,0.00,0.00,2023-10-03,2023-10-09,1
20230926,01013,Butler County,AL,0.00,100.00,38.65,0.43,0.00,0.00,2023-09-26,2023-10-02,1
20230919,01013,Butler County,AL,0.00,100.00,38.65,0.00,0.00,0.00,2023-09-19,2023-09-25,1
20230912,01013,Butler County,AL,0.00,100.00,0.00,0.00,0.00,0.00,2023-09-12,2023-09-18,1
20230905,01013,Butler County,AL,100.00,0.00,0.00,0.00,0.00,0.00,2023-09-05,2023-09-11,1
20230829,01013,Butler County,AL,100.00,0.00,0.00,0.00,0.00,0.00,2023-08-29,2023-09-04,1
20230822,01013,Butler County,AL,100.00,0.00,0.00,0.00,0.00,0.00,2023-08-22,2023-08-28,1
20230815,01013,Butler County,AL,100.00,0.00,0.00,0.00,0.00,0.00,2023-08-15,2023-08-21,1
20230808,01013,Butler County,AL,100.00,0.00,0.00,0.00,0.00,0.00,2023-08-08,2023-08-14,1
20230801,01013,Butler County,AL,100.00,0.00,0.00,0.00,0.00,0.00,2023-08-01,2023-08-07,1
20231114,01015,Calhoun County,AL,0.00,100.00,100.00,83.74,2.47,0.00,2023-11-14,2023-11-20,1
20231107,01015,Calhoun County,AL,0.00,100.00,100.00,83.69,0.00,0.00,2023-11-07,2023-11-13,1
20231031,01015,Calhoun County,AL,0.00,100.00,100.00,16.07,0.00,0.00,2023-10-31,2023-11-06,1
20231024,01015,Calhoun County,AL,0.00,100.00,100.00,14.52,0.00,0.00,2023-10-24,2023-10-30,1
20231017,01015,Calhoun County,AL,0.00,100.00,14.85,0.00,0.00,0.00,2023-10-17,2023-10-23,1
20231010,01015,Calhoun County,AL,0.00,100.00,0.00,0.00,0.00,0.00,2023-10-10,2023-10-16,1
20231003,01015,Calhoun County,AL,49.61,50.39,0.00,0.00,0.00,0.00,2023-10-03,2023-10-09,1
20230926,01015,Calhoun County,AL,100.00,0.00,0.00,0.00,0.00,0.00,2023-09-26,2023-10-02,1
20230919,01015,Calhoun County,AL,100.00,0.00,0.00,0.00,0.00,0.00,2023-09-19,2023-09-25,1
20230912,01015,Calhoun County,AL,100.00,0.00,0.00,0.00,0.00,0.00,2023-09-12,2023-09-18,1
20230905,01015,Calhoun County,AL,100.00,0.00,0.00,0.00,0.00,0.00,2023-09-05,2023-09-11,1
20230829,01015,Calhoun County,AL,100.00,0.00,0.00,0.00,0.00,0.00,2023-08-29,2023-09-04,1
20230822,01015,Calhoun County,AL,100.00,0.00,0.00,0.00,0.00,0.00,2023-08-22,2023-08-28,1
20230815,01015,Calhoun County,AL,100.00,0.00,0.00,0.00,0.00,0.00,2023-08-15,2023-08-21,1
20230808,01015,Calhoun County,AL,100.00,0.00,0.00,0.00,0.00,0.00,2023-08-08,2023-08-14,1
20230801,01015,Calhoun County,AL,86.42,13.58,0.00,0.00,0.00,0.00,2023-08-01,2023-08-07,1
20231114,01017,Chambers County,AL,0.02,99.98,85.79,0.00,0.00,0.00,2023-11-14,2023-11-20,1
20231107,01017,Chambers County,AL,0.02,99.98,84.76,0.00,0.00,0.00,2023-11-07,2023-11-13,1
20231031,01017,Chambers County,AL,0.05,99.95,66.91,0.00,0.00,0.00,2023-10-31,2023-11-06,1
20231024,01017,Chambers County,AL,0.31,99.69,0.00,0.00,0.00,0.00,2023-10-24,2023-10-30,1
20231017,01017,Chambers County,AL,0.66,99.34,0.00,0.00,0.00,0.00,2023-10-17,2023-10-23,1
20231010,01017,Chambers County,AL,0.00,100.00,0.00,0.00,0.00,0.00,2023-10-10,2023-10-16,1
20231003,01017,Chambers County,AL,0.00,100.00,0.00,0.00,0.00,0.00,2023-10-03,2023-10-09,1
20230926,01017,Chambers County,AL,100.00,0.00,0.00,0.00,0.00,0.00,2023-09-26,2023-10-02,1
20230919,01017,Chambers County,AL,100.00,0.00,0.00,0.00,0.00,0.00,2023-09-19,2023-09-25,1
20230912,01017,Chambers County,AL,100.00,0.00,0.00,0.00,0.00,0.00,2023-09-12,2023-09-18,1
20230905,01017,Chambers County,AL,100.00,0.00,0.00,0.00,0.00,0.00,2023-09-05,2023-09-11,1
20230829,01017,Chambers County,AL,100.00,0.00,0.00,0.00,0.00,0.00,2023-08-29,2023-09-04,1
20230822,01017,Chambers County,AL,100.00,0.00,0.00,0.00,0.00,0.00,2023-08-22,2023-08-28,1
20230815,01017,Chambers County,AL,100.00,0.00,0.00,0.00,0.00,0.00,2023-08-15,2023-08-21,1
20230808,01017,Chambers County,AL,80.17,19.83,0.00,0.00,0.00,0.00,2023-08-08,2023-08-14,1
20230801,01017,Chambers County,AL,62.20,37.80,0.00,0.00,0.00,0.00,2023-08-01,2023-08-07,1
20231114,01019,Cherokee County,AL,0.00,100.00,100.00,100.00,67.61,4.23,2023-11-14,2023-11-20,1
20231107,01019,Cherokee County,AL,0.00,100.00,100.00,99.91,11.43,4.16,2023-11-07,2023-11-13,1
20231031,01019,Cherokee County,AL,0.00,100.00,100.00,99.98,11.43,0.00,2023-10-31,2023-11-06,1
20231024,01019,Cherokee County,AL,0.00,100.00,100.00,98.66,8.64,0.00,2023-10-24,2023-10-30,1
20231017,01019,Cherokee County,AL,0.00,100.00,99.59,22.64,0.00,0.00,2023-10-17,2023-10-23,1
20231010,01019,Cherokee County,AL,0.00,100.00,22.62,0.00,0.00,0.00,2023-10-10,2023-10-16,1
20231003,01019,Cherokee County,AL,19.02,80.98,22.52,0.00,0.00,0.00,2023-10-03,2023-10-09,1
20230926,01019,Cherokee County,AL,59.63,40.37,5.99,0.00,0.00,0.00,2023-09-26,2023-10-02,1
20230919,01019,Cherokee County,AL,75.19,24.81,0.00,0.00,0.00,0.00,2023-09-19,2023-09-25,1
20230912,01019,Cherokee County,AL,77.87,22.13,0.00,0.00,0.00,0.00,2023-09-12,2023-09-18,1
20230905,01019,Cherokee County,AL,100.00,0.00,0.00,0.00,0.00,0.00,2023-09-05,2023-09-11,1
20230829,01019,Cherokee County,AL,100.00,0.00,0.00,0.00,0.00,0.00,2023-08-29,2023-09-04,1
20230822,01019,Cherokee County,AL,100.00,0.00,0.00,0.00,0.00,0.00,2023-08-22,2023-08-28,1
20230815,01019,Cherokee County,AL,100.00,0.00,0.00,0.00,0.00,0.00,2023-08-15,2023-08-21,1
20230808,01019,Cherokee County,AL,66.80,33.20,0.00,0.00,0.00,0.00,2023-08-08,2023-08-14,1
20230801,01019,Cherokee County,AL,61.35,38.65,0.00,0.00,0.00,0.00,2023-08-01,2023-08-07,1
20231114,01021,Chilton County,AL,0.00,100.00,100.00,93.60,6.08,0.00,2023-11-14,2023-11-20,1
20231107,01021,Chilton County,AL,0.00,100.00,100.00,93.69,0.00,0.00,2023-11-07,2023-11-13,1
20231031,01021,Chilton County,AL,0.00,100.00,100.00,3.43,0.00,0.00,2023-10-31,2023-11-06,1
20231024,01021,Chilton County,AL,0.00,100.00,100.00,0.00,0.00,0.00,2023-10-24,2023-10-30,1
20231017,01021,Chilton County,AL,0.00,100.00,99.85,62.23,0.00,0.00,2023-10-17,2023-10-23,1
20231010,01021,Chilton County,AL,0.00,100.00,99.42,67.04,0.00,0.00,2023-10-10,2023-10-16,1
20231003,01021,Chilton County,AL,0.00,100.00,81.29,0.00,0.00,0.00,2023-10-03,2023-10-09,1
20230926,01021,Chilton County,AL,18.35,81.65,0.00,0.00,0.00,0.00,2023-09-26,2023-10-02,1
20230919,01021,Chilton County,AL,18.35,81.65,0.00,0.00,0.00,0.00,2023-09-19,2023-09-25,1
20230912,01021,Chilton County,AL,23.09,76.91,0.00,0.00,0.00,0.00,2023-09-12,2023-09-18,1
20230905,01021,Chilton County,AL,66.86,33.14,0.00,0.00,0.00,0.00,2023-09-05,2023-09-11,1
20230829,01021,Chilton County,AL,69.07,30.93,0.00,0.00,0.00,0.00,2023-08-29,2023-09-04,1
20230822,01021,Chilton County,AL,69.66,30.34,0.00,0.00,0.00,0.00,2023-08-22,2023-08-28,1
20230815,01021,Chilton County,AL,100.00,0.00,0.00,0.00,0.00,0.00,2023-08-15,2023-08-21,1
20230808,01021,Chilton County,AL,100.00,0.00,0.00,0.00,0.00,0.00,2023-08-08,2023-08-14,1
20230801,01021,Chilton County,AL,100.00,0.00,0.00,0.00,0.00,0.00,2023-08-01,2023-08-07,1
20231114,01023,Choctaw County,AL,0.00,100.00,100.00,100.00,0.00,0.00,2023-11-14,2023-11-20,1
20231107,01023,Choctaw County,AL,0.00,100.00,100.00,99.77,0.00,0.00,2023-11-07,2023-11-13,1
20231031,01023,Choctaw County,AL,0.00,100.00,100.00,0.00,0.00,0.00,2023-10-31,2023-11-06,1
20231024,01023,Choctaw County,AL,0.00,100.00,100.00,0.00,0.00,0.00,2023-10-24,2023-10-30,1
20231017,01023,Choctaw County,AL,0.00,100.00,100.00,0.00,0.00,0.00,2023-10-17,2023-10-23,1
20231010,01023,Choctaw County,AL,0.00,100.00,100.00,15.96,0.00,0.00,2023-10-10,2023-10-16,1
20231003,01023,Choctaw County,AL,0.00,100.00,100.00,14.55,0.00,0.00,2023-10-03,2023-10-09,1
20230926,01023,Choctaw County,AL,0.00,100.00,61.39,12.89,0.00,0.00,2023-09-26,2023-10-02,1
20230919,01023,Choctaw County,AL,0.00,100.00,61.39,12.89,0.00,0.00,2023-09-19,2023-09-25,1
20230912,01023,Choctaw County,AL,0.12,99.88,61.39,0.00,0.00,0.00,2023-09-12,2023-09-18,1
20230905,01023,Choctaw County,AL,0.12,99.88,0.05,0.00,0.00,0.00,2023-09-05,2023-09-11,1
20230829,01023,Choctaw County,AL,0.01,99.99,3.96,0.00,0.00,0.00,2023-08-29,2023-09-04,1
20230822,01023,Choctaw County,AL,5.93,94.07,0.00,0.00,0.00,0.00,2023-08-22,2023-08-28,1
20230815,01023,Choctaw County,AL,100.00,0.00,0.00,0.00,0.00,0.00,2023-08-15,2023-08-21,1
20230808,01023,Choctaw County,AL,100.00,0.00,0.00,0.00,0.00,0.00,2023-08-08,2023-08-14,1
20230801,01023,Choctaw County,AL,100.00,0.00,0.00,0.00,0.00,0.00,2023-08-01,2023-08-07,1
20231114,01025,Clarke County,AL,0.00,100.00,100.00,100.00,5.28,0.00,2023-11-14,2023-11-20,1
20231107,01025,Clarke County,AL,0.00,100.00,100.00,100.00,5.28,0.00,2023-11-07,2023-11-13,1
20231031,01025,Clarke County,AL,0.00,100.00,100.00,45.07,5.28,0.00,2023-10-31,2023-11-06,1
20231024,01025,Clarke County,AL,0.00,100.00,100.00,45.61,4.91,0.00,2023-10-24,2023-10-30,1
20231017,01025,Clarke County,AL,0.00,100.00,100.00,44.14,2.26,0.00,2023-10-17,2023-10-23,1
20231010,01025,Clarke County,AL,0.00,100.00,100.00,88.10,2.26,0.00,2023-10-10,2023-10-16,1
20231003,01025,Clarke County,AL,0.00,100.00,100.00,63.12,1.81,0.00,2023-10-03,2023-10-09,1
20230926,01025,Clarke County,AL,0.00,100.00,88.35,61.23,0.00,0.00,2023-09-26,2023-10-02,1
20230919,01025,Clarke County,AL,0.00,100.00,88.35,61.23,0.00,0.00,2023-09-19,2023-09-25,1
20230912,01025,Clarke County,AL,3.16,96.84,88.35,9.04,0.00,0.00,2023-09-12,2023-09-18,1
20230905,01025,Clarke County,AL,3.16,96.84,47.85,0.00,0.00,0.00,2023-09-05,2023-09-11,1
20230829,01025,Clarke County,AL,0.00,100.00,46.63,0.00,0.00,0.00,2023-08-29,2023-09-04,1
20230822,01025,Clarke County,AL,0.00,100.00,6.81,0.00,0.00,0.00,2023-08-22,2023-08-28,1
20230815,01025,Clarke County,AL,85.49,14.51,0.00,0.00,0.00,0.00,2023-08-15,2023-08-21,1
20230808,01025,Clarke County,AL,100.00,0.00,0.00,0.00,0.00,0.00,2023-08-08,2023-08-14,1
20230801,01025,Clarke County,AL,100.00,0.00,0.00,0.00,0.00,0.00,2023-08-01,2023-08-07,1
20231114,01027,Clay County,AL,0.00,100.00,100.00,12.64,0.00,0.00,2023-11-14,2023-11-20,1
20231107,01027,Clay County,AL,0.00,100.00,100.00,12.64,0.00,0.00,2023-11-07,2023-11-13,1
20231031,01027,Clay County,AL,0.00,100.00,100.00,0.00,0.00,0.00,2023-10-31,2023-11-06,1
20231024,01027,Clay County,AL,0.00,100.00,11.04,0.00,0.00,0.00,2023-10-24,2023-10-30,1
20231017,01027,Clay County,AL,0.00,100.00,0.00,0.00,0.00,0.00,2023-10-17,2023-10-23,1
20231010,01027,Clay County,AL,0.00,100.00,0.00,0.00,0.00,0.00,2023-10-10,2023-10-16,1
20231003,01027,Clay County,AL,58.84,41.16,0.00,0.00,0.00,0.00,2023-10-03,2023-10-09,1
20230926,01027,Clay County,AL,100.00,0.00,0.00,0.00,0.00,0.00,2023-09-26,2023-10-02,1
20230919,01027,Clay County,AL,100.00,0.00,0.00,0.00,0.00,0.00,2023-09-19,2023-09-25,1
20230912,01027,Clay County,AL,100.00,0.00,0.00,0.00,0.00,0.00,2023-09-12,2023-09-18,1
20230905,01027,Clay County,AL,100.00,0.00,0.00,0.00,0.00,0.00,2023-09-05,2023-09-11,1
20230829,01027,Clay County,AL,100.00,0.00,0.00,0.00,0.00,0.00,2023-08-29,2023-09-04,1
20230822,01027,Clay County,AL,100.00,0.00,0.00,0.00,0.00,0.00,2023-08-22,2023-08-28,1
20230815,01027,Clay County,AL,100.00,0.00,0.00,0.00,0.00,0.00,2023-08-15,2023-08-21,1
20230808,01027,Clay County,AL,100.00,0.00,0.00,0.00,0.00,0.00,2023-08-08,2023-08-14,1
20230801,01027,Clay County,AL,89.45,10.55,0.00,0.00,0.00,0.00,2023-08-01,2023-08-07,1
20231114,01029,Cleburne County,AL,0.00,100.00,100.00,5.17,0.00,0.00,2023-11-14,2023-11-20,1
20231107,01029,Cleburne County,AL,0.00,100.00,100.00,2.66,0.00,0.00,2023-11-07,2023-11-13,1
20231031,01029,Cleburne County,AL,0.00,100.00,100.00,0.39,0.00,0.00,2023-10-31,2023-11-06,1
20231024,01029,Cleburne County,AL,0.00,100.00,60.03,0.14,0.00,0.00,2023-10-24,2023-10-30,1
20231017,01029,Cleburne County,AL,0.00,100.00,0.17,0.00,0.00,0.00,2023-10-17,2023-10-23,1
20231010,01029,Cleburne County,AL,0.00,100.00,0.00,0.00,0.00,0.00,2023-10-10,2023-10-16,1
20231003,01029,Cleburne County,AL,100.00,0.00,0.00,0.00,0.00,0.00,2023-10-03,2023-10-09,1
20230926,01029,Cleburne County,AL,100.00,0.00,0.00,0.00,0.00,0.00,2023-09-26,2023-10-02,1
20230919,01029,Cleburne County,AL,100.00,0.00,0.00,0.00,0.00,0.00,2023-09-19,2023-09-25,1
20230912,01029,Cleburne County,AL,100.00,0.00,0.00,0.00,0.00,0.00,2023-09-12,2023-09-18,1
20230905,01029,Cleburne County,AL,100.00,0.00,0.00,0.00,0.00,0.00,2023-09-05,2023-09-11,1
20230829,01029,Cleburne County,AL,100.00,0.00,0.00,0.00,0.00,0.00,2023-08-29,2023-09-04,1
20230822,01029,Cleburne County,AL,100.00,0.00,0.00,0.00,0.00,0.00,2023-08-22,2023-08-28,1
20230815,01029,Cleburne County,AL,100.00,0.00,0.00,0.00,0.00,0.00,2023-08-15,2023-08-21,1
20230808,01029,Cleburne County,AL,100.00,0.00,0.00,0.00,0.00,0.00,2023-08-08,2023-08-14,1
20230801,01029,Cleburne County,AL,3.56,96.44,0.00,0.00,0.00,0.00,2023-08-01,2023-08-07,1
20231114,01031,Coffee County,AL,0.00,100.00,100.00,100.00,47.56,0.00,2023-11-14,2023-11-20,1
20231107,01031,Coffee County,AL,0.00,100.00,100.00,100.00,51.24,0.00,2023-11-07,2023-11-13,1
20231031,01031,Coffee County,AL,0.00,100.00,100.00,94.22,0.00,0.00,2023-10-31,2023-11-06,1
20231024,01031,Coffee County,AL,0.00,100.00,100.00,50.07,0.00,0.00,2023-10-24,2023-10-30,1
20231017,01031,Coffee County,AL,0.00,100.00,100.00,35.11,0.00,0.00,2023-10-17,2023-10-23,1
20231010,01031,Coffee County,AL,0.00,100.00,100.00,35.44,0.00,0.00,2023-10-10,2023-10-16,1
20231003,01031,Coffee County,AL,0.00,100.00,100.00,30.70,0.00,0.00,2023-10-03,2023-10-09,1
20230926,01031,Coffee County,AL,0.00,100.00,94.66,0.00,0.00,0.00,2023-09-26,2023-10-02,1
20230919,01031,Coffee County,AL,0.00,100.00,93.06,0.00,0.00,0.00,2023-09-19,2023-09-25,1
20230912,01031,Coffee County,AL,0.00,100.00,0.00,0.00,0.00,0.00,2023-09-12,2023-09-18,1
20230905,01031,Coffee County,AL,54.13,45.87,0.00,0.00,0.00,0.00,2023-09-05,2023-09-11,1
20230829,01031,Coffee County,AL,46.30,53.70,0.00,0.00,0.00,0.00,2023-08-29,2023-09-04,1
20230822,01031,Coffee County,AL,45.87,54.13,0.00,0.00,0.00,0.00,2023-08-22,2023-08-28,1
20230815,01031,Coffee County,AL,44.43,55.57,0.00,0.00,0.00,0.00,2023-08-15,2023-08-21,1
20230808,01031,Coffee County,AL,100.00,0.00,0.00,0.00,0.00,0.00,2023-08-08,2023-08-14,1
20230801,01031,Coffee County,AL,100.00,0.00,0.00,0.00,0.00,0.00,2023-08-01,2023-08-07,1
20231114,01033,Colbert County,AL,0.00,100.00,100.00,100.00,100.00,77.41,2023-11-14,2023-11-20,1
20231107,01033,Colbert County,AL,0.00,100.00,100.00,100.00,100.00,0.00,2023-11-07,2023-11-13,1
20231031,01033,Colbert County,AL,0.00,100.00,100.00,100.00,100.00,0.00,2023-10-31,2023-11-06,1
20231024,01033,Colbert County,AL,0.00,100.00,100.00,100.00,23.34,0.00,2023-10-24,2023-10-30,1
20231017,01033,Colbert County,AL,0.00,100.00,100.00,100.00,0.00,0.00,2023-10-17,2023-10-23,1
20231010,01033,Colbert County,AL,0.00,100.00,100.00,0.00,0.00,0.00,2023-10-10,2023-10-16,1
20231003,01033,Colbert County,AL,0.00,100.00,96.28,0.00,0.00,0.00,2023-10-03,2023-10-09,1
20230926,01033,Colbert County,AL,0.00,100.00,0.00,0.00,0.00,0.00,2023-09-26,2023-10-02,1
20230919,01033,Colbert County,AL,0.00,100.00,0.00,0.00,0.00,0.00,2023-09-19,2023-09-25,1
20230912,01033,Colbert County,AL,100.00,0.00,0.00,0.00,0.00,0.00,2023-09-12,2023-09-18,1
20230905,01033,Colbert County,AL,100.00,0.00,0.00,0.00,0.00,0.00,2023-09-05,2023-09-11,1
20230829,01033,Colbert County,AL,100.00,0.00,0.00,0.00,0.00,0.00,2023-08-29,2023-09-04,1
20230822,01033,Colbert County,AL,100.00,0.00,0.00,0.00,0.00,0.00,2023-08-22,2023-08-28,1
20230815,01033,Colbert County,AL,100.00,0.00,0.00,0.00,0.00,0.00,2023-08-15,2023-08-21,1
20230808,01033,Colbert County,AL,55.34,44.66,0.00,0.00,0.00,0.00,2023-08-08,2023-08-14,1
20230801,01033,Colbert County,AL,33.85,66.15,44.66,0.00,0.00,0.00,2023-08-01,2023-08-07,1
20231114,01035,Conecuh County,AL,0.00,100.00,100.00,100.00,97.55,0.00,2023-11-14,2023-11-20,1
20231107,01035,Conecuh County,AL,0.00,100.00,100.00,100.00,97.55,0.00,2023-11-07,2023-11-13,1
20231031,01035,Conecuh County,AL,0.00,100.00,100.00,100.00,97.55,0.00,2023-10-31,2023-11-06,1
20231024,01035,Conecuh County,AL,0.00,100.00,100.00,100.00,73.97,0.00,2023-10-24,2023-10-30,1
20231017,01035,Conecuh County,AL,0.00,100.00,100.00,100.00,52.34,0.00,2023-10-17,2023-10-23,1
20231010,01035,Conecuh County,AL,0.00,100.00,100.00,100.00,52.34,0.00,2023-10-10,2023-10-16,1
20231003,01035,Conecuh County,AL,0.00,100.00,100.00,92.59,52.47,0.00,2023-10-03,2023-10-09,1
20230926,01035,Conecuh County,AL,0.00,100.00,100.00,88.29,16.42,0.00,2023-09-26,2023-10-02,1
20230919,01035,Conecuh County,AL,0.00,100.00,100.00,37.39,16.42,0.00,2023-09-19,2023-09-25,1
20230912,01035,Conecuh County,AL,0.00,100.00,53.85,37.39,16.42,0.00,2023-09-12,2023-09-18,1
20230905,01035,Conecuh County,AL,27.35,72.65,47.22,30.58,0.00,0.00,2023-09-05,2023-09-11,1
20230829,01035,Conecuh County,AL,31.24,68.76,46.44,30.58,0.00,0.00,2023-08-29,2023-09-04,1
20230822,01035,Conecuh County,AL,32.07,67.93,39.05,0.00,0.00,0.00,2023-08-22,2023-08-28,1
20230815,01035,Conecuh County,AL,41.49,58.51,6.68,0.00,0.00,0.00,2023-08-15,2023-08-21,1
20230808,01035,Conecuh County,AL,52.99,47.01,0.00,0.00,0.00,0.00,2023-08-08,2023-08-14,1
20230801,01035,Conecuh County,AL,52.99,47.01,0.00,0.00,0.00,0.00,2023-08-01,2023-08-07,1
20231114,01037,Coosa County,AL,0.00,100.00,100.00,42.36,0.00,0.00,2023-11-14,2023-11-20,1
20231107,01037,Coosa County,AL,0.00,100.00,100.00,42.36,0.00,0.00,2023-11-07,2023-11-13,1
20231031,01037,Coosa County,AL,0.00,100.00,100.00,0.00,0.00,0.00,2023-10-31,2023-11-06,1
20231024,01037,Coosa County,AL,0.00,100.00,44.39,0.00,0.00,0.00,2023-10-24,2023-10-30,1
20231017,01037,Coosa County,AL,0.00,100.00,9.17,0.00,0.00,0.00,2023-10-17,2023-10-23,1
20231010,01037,Coosa County,AL,0.00,100.00,8.82,0.00,0.00,0.00,2023-10-10,2023-10-16,1
20231003,01037,Coosa County,AL,0.00,100.00,0.00,0.00,0.00,0.00,2023-10-03,2023-10-09,1
20230926,01037,Coosa County,AL,100.00,0.00,0.00,0.00,0.00,0.00,2023-09-26,2023-10-02,1
20230919,01037,Coosa County,AL,100.00,0.00,0.00,0.00,0.00,0.00,2023-09-19,2023-09-25,1
20230912,01037,Coosa County,AL,100.00,0.00,0.00,0.00,0.00,0.00,2023-09-12,2023-09-18,1
20230905,01037,Coosa County,AL,100.00,0.00,0.00,0.00,0.00,0.00,2023-09-05,2023-09-11,1
20230829,01037,Coosa County,AL,100.00,0.00,0.00,0.00,0.00,0.00,2023-08-29,2023-09-04,1
20230822,01037,Coosa County,AL,100.00,0.00,0.00,0.00,0.00,0.00,2023-08-22,2023-08-28,1
20230815,01037,Coosa County,AL,100.00,0.00,0.00,0.00,0.00,0.00,2023-08-15,2023-08-21,1
20230808,01037,Coosa County,AL,100.00,0.00,0.00,0.00,0.00,0.00,2023-08-08,2023-08-14,1
20230801,01037,Coosa County,AL,100.00,0.00,0.00,0.00,0.00,0.00,2023-08-01,2023-08-07,1
20231114,01039,Covington County,AL,0.00,100.00,100.00,100.00,85.84,0.00,2023-11-14,2023-11-20,1
20231107,01039,Covington County,AL,0.00,100.00,100.00,100.00,85.85,0.00,2023-11-07,2023-11-13,1
20231031,01039,Covington County,AL,0.00,100.00,100.00,100.00,51.71,0.00,2023-10-31,2023-11-06,1
20231024,01039,Covington County,AL,0.00,100.00,100.00,100.00,0.00,0.00,2023-10-24,2023-10-30,1
20231017,01039,Covington County,AL,0.00,100.00,100.00,100.00,0.00,0.00,2023-10-17,2023-10-23,1
20231010,01039,Covington County,AL,0.00,100.00,100.00,100.00,0.00,0.00,2023-10-10,2023-10-16,1
20231003,01039,Covington County,AL,0.00,100.00,100.00,99.79,0.00,0.00,2023-10-03,2023-10-09,1
20230926,01039,Covington County,AL,0.00,100.00,100.00,51.07,0.00,0.00,2023-09-26,2023-10-02,1
20230919,01039,Covington County,AL,0.00,100.00,100.00,0.00,0.00,0.00,2023-09-19,2023-09-25,1
20230912,01039,Covington County,AL,0.00,100.00,0.34,0.00,0.00,0.00,2023-09-12,2023-09-18,1
20230905,01039,Covington County,AL,38.89,61.11,0.34,0.00,0.00,0.00,2023-09-05,2023-09-11,1
20230829,01039,Covington County,AL,44.98,55.02,0.13,0.00,0.00,0.00,2023-08-29,2023-09-04,1
20230822,01039,Covington County,AL,44.80,55.20,0.02,0.00,0.00,0.00,2023-08-22,2023-08-28,1
20230815,01039,Covington County,AL,44.78,55.22,0.00,0.00,0.00,0.00,2023-08-15,2023-08-21,1
20230808,01039,Covington County,AL,100.00,0.00,0.00,0.00,0.00,0.00,2023-08-08,2023-08-14,1
20230801,01039,Covington County,AL,100.00,0.00,0.00,0.00,0.00,0.00,2023-08-01,2023-08-07,1
20231114,01041,Crenshaw County,AL,0.00,100.00,100.00,97.04,0.00,0.00,2023-11-14,2023-11-20,1
20231107,01041,Crenshaw County,AL,0.00,100.00,100.00,97.04,0.00,0.00,2023-11-07,2023-11-13,1
20231031,01041,Crenshaw County,AL,0.00,100.00,100.00,60.22,0.00,0.00,2023-10-31,2023-11-06,1
20231024,01041,Crenshaw County,AL,0.00,100.00,100.00,35.63,0.00,0.00,2023-10-24,2023-10-30,1
20231017,01041,Crenshaw County,AL,0.00,100.00,100.00,15.35,0.00,0.00,2023-10-17,2023-10-23,1
20231010,01041,Crenshaw County,AL,0.00,100.00,100.00,15.35,0.00,0.00,2023-10-10,2023-10-16,1
20231003,01041,Crenshaw County,AL,0.00,100.00,89.70,7.56,0.00,0.00,2023-10-03,2023-10-09,1
20230926,01041,Crenshaw County,AL,0.00,100.00,32.70,0.00,0.00,0.00,2023-09-26,2023-10-02,1
20230919,01041,Crenshaw County,AL,0.00,100.00,32.70,0.00,0.00,0.00,2023-09-19,2023-09-25,1
20230912,01041,Crenshaw County,AL,0.00,100.00,0.00,0.00,0.00,0.00,2023-09-12,2023-09-18,1
20230905,01041,Crenshaw County,AL,100.00,0.00,0.00,0.00,0.00,0.00,2023-09-05,2023-09-11,1
20230829,01041,Crenshaw County,AL,100.00,0.00,0.00,0.00,0.00,0.00,2023-08-29,2023-09-04,1
20230822,01041,Crenshaw County,AL,100.00,0.00,0.00,0.00,0.00,0.00,2023-08-22,2023-08-28,1
20230815,01041,Crenshaw County,AL,100.00,0.00,0.00,0.00,0.00,0.00,2023-08-15,2023-08-21,1
20230808,01041,Crenshaw County,AL,100.00,0.00,0.00,0.00,0.00,0.00,2023-08-08,2023-08-14,1
20230801,01041,Crenshaw County,AL,100.00,0.00,0.00,0.00,0.00,0.00,2023-08-01,2023-08-07,1
20231114,01043,Cullman County,AL,0.00,100.00,100.00,100.00,100.00,0.00,2023-11-14,2023-11-20,1
20231107,01043,Cullman County,AL,0.00,100.00,100.00,100.00,95.30,0.00,2023-11-07,2023-11-13,1
20231031,01043,Cullman County,AL,0.00,100.00,100.00,100.00,95.26,0.00,2023-10-31,2023-11-06,1
20231024,01043,Cullman County,AL,0.00,100.00,100.00,100.00,1.44,0.00,2023-10-24,2023-10-30,1
20231017,01043,Cullman County,AL,0.00,100.00,100.00,91.38,0.00,0.00,2023-10-17,2023-10-23,1
20231010,01043,Cullman County,AL,0.00,100.00,100.00,0.00,0.00,0.00,2023-10-10,2023-10-16,1
20231003,01043,Cullman County,AL,0.00,100.00,100.00,0.00,0.00,0.00,2023-10-03,2023-10-09,1
20230926,01043,Cullman County,AL,0.00,100.00,0.00,0.00,0.00,0.00,2023-09-26,2023-10-02,1
20230919,01043,Cullman County,AL,0.00,100.00,0.00,0.00,0.00,0.00,2023-09-19,2023-09-25,1
20230912,01043,Cullman County,AL,100.00,0.00,0.00,0.00,0.00,0.00,2023-09-12,2023-09-18,1
20230905,01043,Cullman County,AL,100.00,0.00,0.00,0.00,0.00,0.00,2023-09-05,2023-09-11,1
20230829,01043,Cullman County,AL,100.00,0.00,0.00,0.00,0.00,0.00,2023-08-29,2023-09-04,1
20230822,01043,Cullman County,AL,100.00,0.00,0.00,0.00,0.00,0.00,2023-08-22,2023-08-28,1
20230815,01043,Cullman County,AL,100.00,0.00,0.00,0.00,0.00,0.00,2023-08-15,2023-08-21,1
20230808,01043,Cullman County,AL,100.00,0.00,0.00,0.00,0.00,0.00,2023-08-08,2023-08-14,1
20230801,01043,Cullman County,AL,100.00,0.00,0.00,0.00,0.00,0.00,2023-08-01,2023-08-07,1
20231114,01045,Dale County,AL,0.00,100.00,100.00,100.00,35.76,0.00,2023-11-14,2023-11-20,1
20231107,01045,Dale County,AL,0.00,100.00,100.00,100.00,40.42,0.00,2023-11-07,2023-11-13,1
20231031,01045,Dale County,AL,0.00,100.00,100.00,46.42,0.00,0.00,2023-10-31,2023-11-06,1
20231024,01045,Dale County,AL,0.00,100.00,100.00,11.23,0.00,0.00,2023-10-24,2023-10-30,1
20231017,01045,Dale County,AL,0.00,100.00,100.00,0.02,0.00,0.00,2023-10-17,2023-10-23,1
20231010,01045,Dale County,AL,0.00,100.00,100.00,0.02,0.00,0.00,2023-10-10,2023-10-16,1
20231003,01045,Dale County,AL,0.00,100.00,100.00,0.00,0.00,0.00,2023-10-03,2023-10-09,1
20230926,01045,Dale County,AL,0.00,100.00,100.00,0.00,0.00,0.00,2023-09-26,2023-10-02,1
20230919,01045,Dale County,AL,0.00,100.00,73.87,0.00,0.00,0.00,2023-09-19,2023-09-25,1
20230912,01045,Dale County,AL,0.00,100.00,0.00,0.00,0.00,0.00,2023-09-12,2023-09-18,1
20230905,01045,Dale County,AL,69.93,30.07,0.00,0.00,0.00,0.00,2023-09-05,2023-09-11,1
20230829,01045,Dale County,AL,36.55,63.45,0.00,0.00,0.00,0.00,2023-08-29,2023-09-04,1
20230822,01045,Dale County,AL,36.47,63.53,0.00,0.00,0.00,0.00,2023-08-22,2023-08-28,1
20230815,01045,Dale County,AL,36.21,63.79,0.00,0.00,0.00,0.00,2023-08-15,2023-08-21,1
20230808,01045,Dale County,AL,100.00,0.00,0.00,0.00,0.00,0.00,2023-08-08,2023-08-14,1
20230801,01045,Dale County,AL,100.00,0.00,0.00,0.00,0.00,0.00,2023-08-01,2023-08-07,1
20231114,01047,Dallas County,AL,0.00,100.00,100.00,14.21,0.00,0.00,2023-11-14,2023-11-20,1
20231107,01047,Dallas County,AL,0.00,100.00,100.00,14.36,0.00,0.00,2023-11-07,2023-11-13,1
20231031,01047,Dallas County,AL,0.00,100.00,100.00,0.00,0.00,0.00,2023-10-31,2023-11-06,1
20231024,01047,Dallas County,AL,0.00,100.00,100.00,0.00,0.00,0.00,2023-10-24,2023-10-30,1
20231017,01047,Dallas County,AL,0.00,100.00,100.00,6.34,0.00,0.00,2023-10-17,2023-10-23,1
20231010,01047,Dallas County,AL,0.00,100.00,100.00,92.08,0.00,0.00,2023-10-10,2023-10-16,1
20231003,01047,Dallas County,AL,0.00,100.00,100.00,0.00,0.00,0.00,2023-10-03,2023-10-09,1
20230926,01047,Dallas County,AL,0.00,100.00,0.13,0.00,0.00,0.00,2023-09-26,2023-10-02,1
20230919,01047,Dallas County,AL,0.00,100.00,0.13,0.00,0.00,0.00,2023-09-19,2023-09-25,1
20230912,01047,Dallas County,AL,28.34,71.66,0.00,0.00,0.00,0.00,2023-09-12,2023-09-18,1
20230905,01047,Dallas County,AL,28.48,71.52,0.00,0.00,0.00,0.00,2023-09-05,2023-09-11,1
20230829,01047,Dallas County,AL,0.04,99.96,0.00,0.00,0.00,0.00,2023-08-29,2023-09-04,1
20230822,01047,Dallas County,AL,0.05,99.95,0.00,0.00,0.00,0.00,2023-08-22,2023-08-28,1
20230815,01047,Dallas County,AL,75.54,24.46,0.00,0.00,0.00,0.00,2023-08-15,2023-08-21,1
20230808,01047,Dallas County,AL,75.54,24.46,0.00,0.00,0.00,0.00,2023-08-08,2023-08-14,1
20230801,01047,Dallas County,AL,75.54,24.46,0.00,0.00,0.00,0.00,2023-08-01,2023-08-07,1
20231114,01049,DeKalb County,AL,0.00,100.00,100.00,100.00,100.00,41.96,2023-11-14,2023-11-20,1
20231107,01049,DeKalb County,AL,0.00,100.00,100.00,100.00,59.80,33.26,2023-11-07,2023-11-13,1
20231031,01049,DeKalb County,AL,0.00,100.00,100.00,100.00,59.80,0.00,2023-10-31,2023-11-06,1
20231024,01049,DeKalb County,AL,0.00,100.00,100.00,100.00,48.55,0.00,2023-10-24,2023-10-30,1
20231017,01049,DeKalb County,AL,0.00,100.00,100.00,96.97,0.00,0.00,2023-10-17,2023-10-23,1
20231010,01049,DeKalb County,AL,0.00,100.00,97.03,41.92,0.00,0.00,2023-10-10,2023-10-16,1
20231003,01049,DeKalb County,AL,0.00,100.00,96.08,0.00,0.00,0.00,2023-10-03,2023-10-09,1
20230926,01049,DeKalb County,AL,2.52,97.48,50.39,0.00,0.00,0.00,2023-09-26,2023-10-02,1
20230919,01049,DeKalb County,AL,38.90,61.10,0.00,0.00,0.00,0.00,2023-09-19,2023-09-25,1
20230912,01049,DeKalb County,AL,99.81,0.19,0.00,0.00,0.00,0.00,2023-09-12,2023-09-18,1
20230905,01049,DeKalb County,AL,100.00,0.00,0.00,0.00,0.00,0.00,2023-09-05,2023-09-11,1
20230829,01049,DeKalb County,AL,100.00,0.00,0.00,0.00,0.00,0.00,2023-08-29,2023-09-04,1
20230822,01049,DeKalb County,AL,100.00,0.00,0.00,0.00,0.00,0.00,2023-08-22,2023-08-28,1
20230815,01049,DeKalb County,AL,100.00,0.00,0.00,0.00,0.00,0.00,2023-08-15,2023-08-21,1
20230808,01049,DeKalb County,AL,100.00,0.00,0.00,0.00,0.00,0.00,2023-08-08,2023-08-14,1
20230801,01049,DeKalb County,AL,100.00,0.00,0.00,0.00,0.00,0.00,2023-08-01,2023-08-07,1
20231114,01051,Elmore County,AL,0.00,100.00,100.00,0.00,0.00,0.00,2023-11-14,2023-11-20,1
20231107,01051,Elmore County,AL,0.00,100.00,100.00,0.00,0.00,0.00,2023-11-07,2023-11-13,1
20231031,01051,Elmore County,AL,0.00,100.00,80.22,0.00,0.00,0.00,2023-10-31,2023-11-06,1
20231024,01051,Elmore County,AL,0.00,100.00,28.84,0.00,0.00,0.00,2023-10-24,2023-10-30,1
20231017,01051,Elmore County,AL,0.00,100.00,22.29,0.00,0.00,0.00,2023-10-17,2023-10-23,1
20231010,01051,Elmore County,AL,0.00,100.00,22.29,0.00,0.00,0.00,2023-10-10,2023-10-16,1
20231003,01051,Elmore County,AL,0.00,100.00,0.00,0.00,0.00,0.00,2023-10-03,2023-10-09,1
20230926,01051,Elmore County,AL,100.00,0.00,0.00,0.00,0.00,0.00,2023-09-26,2023-10-02,1
20230919,01051,Elmore County,AL,100.00,0.00,0.00,0.00,0.00,0.00,2023-09-19,2023-09-25,1
20230912,01051,Elmore County,AL,100.00,0.00,0.00,0.00,0.00,0.00,2023-09-12,2023-09-18,1
20230905,01051,Elmore County,AL,100.00,0.00,0.00,0.00,0.00,0.00,2023-09-05,2023-09-11,1
20230829,01051,Elmore County,AL,100.00,0.00,0.00,0.00,0.00,0.00,2023-08-29,2023-09-04,1
20230822,01051,Elmore County,AL,100.00,0.00,0.00,0.00,0.00,0.00,2023-08-22,2023-08-28,1
20230815,01051,Elmore County,AL,100.00,0.00,0.00,0.00,0.00,0.00,2023-08-15,2023-08-21,1
20230808,01051,Elmore County,AL,100.00,0.00,0.00,0.00,0.00,0.00,2023-08-08,2023-08-14,1
20230801,01051,Elmore County,AL,100.00,0.00,0.00,0.00,0.00,0.00,2023-08-01,2023-08-07,1
20231114,01053,Escambia County,AL,0.00,100.00,100.00,100.00,100.00,0.00,2023-11-14,2023-11-20,1
20231107,01053,Escambia County,AL,0.00,100.00,100.00,100.00,100.00,0.00,2023-11-07,2023-11-13,1
20231031,01053,Escambia County,AL,0.00,100.00,100.00,100.00,100.00,0.00,2023-10-31,2023-11-06,1
20231024,01053,Escambia County,AL,0.00,100.00,100.00,100.00,68.72,0.00,2023-10-24,2023-10-30,1
20231017,01053,Escambia County,AL,0.00,100.00,100.00,100.00,68.72,0.00,2023-10-17,2023-10-23,1
20231010,01053,Escambia County,AL,0.00,100.00,100.00,100.00,68.72,0.00,2023-10-10,2023-10-16,1
20231003,01053,Escambia County,AL,0.00,100.00,100.00,100.00,69.89,0.00,2023-10-03,2023-10-09,1
20230926,01053,Escambia County,AL,0.00,100.00,100.00,100.00,16.73,0.00,2023-09-26,2023-10-02,1
20230919,01053,Escambia County,AL,0.00,100.00,100.00,47.93,16.73,0.00,2023-09-19,2023-09-25,1
20230912,01053,Escambia County,AL,0.00,100.00,75.01,47.93,16.73,0.00,2023-09-12,2023-09-18,1
20230905,01053,Escambia County,AL,0.00,100.00,75.01,29.43,0.00,0.00,2023-09-05,2023-09-11,1
20230829,01053,Escambia County,AL,0.00,100.00,73.97,29.43,0.00,0.00,2023-08-29,2023-09-04,1
20230822,01053,Escambia County,AL,0.00,100.00,71.48,0.00,0.00,0.00,2023-08-22,2023-08-28,1
20230815,01053,Escambia County,AL,0.00,100.00,14.01,0.00,0.00,0.00,2023-08-15,2023-08-21,1
20230808,01053,Escambia County,AL,78.75,21.25,0.00,0.00,0.00,0.00,2023-08-08,2023-08-14,1
20230801,01053,Escambia County,AL,78.75,21.25,0.00,0.00,0.00,0.00,2023-08-01,2023-08-07,1
20231114,01055,Etowah County,AL,0.00,100.00,100.00,100.00,85.52,0.00,2023-11-14,2023-11-20,1
20231107,01055,Etowah County,AL,0.00,100.00,100.00,100.00,0.00,0.00,2023-11-07,2023-11-13,1
20231031,01055,Etowah County,AL,0.00,100.00,100.00,100.00,0.00,0.00,2023-10-31,2023-11-06,1
20231024,01055,Etowah County,AL,0.00,100.00,100.00,100.00,0.00,0.00,2023-10-24,2023-10-30,1
20231017,01055,Etowah County,AL,0.00,100.00,100.00,0.03,0.00,0.00,2023-10-17,2023-10-23,1
20231010,01055,Etowah County,AL,0.00,100.00,3.07,0.00,0.00,0.00,2023-10-10,2023-10-16,1
20231003,01055,Etowah County,AL,0.00,100.00,0.00,0.00,0.00,0.00,2023-10-03,2023-10-09,1
20230926,01055,Etowah County,AL,100.00,0.00,0.00,0.00,0.00,0.00,2023-09-26,2023-10-02,1
20230919,01055,Etowah County,AL,100.00,0.00,0.00,0.00,0.00,0.00,2023-09-19,2023-09-25,1
20230912,01055,Etowah County,AL,100.00,0.00,0.00,0.00,0.00,0.00,2023-09-12,2023-09-18,1
20230905,01055,Etowah County,AL,100.00,0.00,0.00,0.00,0.00,0.00,2023-09-05,2023-09-11,1
20230829,01055,Etowah County,AL,100.00,0.00,0.00,0.00,0.00,0.00,2023-08-29,2023-09-04,1
20230822,01055,Etowah County,AL,100.00,0.00,0.00,0.00,0.00,0.00,2023-08-22,2023-08-28,1
20230815,01055,Etowah County,AL,100.00,0.00,0.00,0.00,0.00,0.00,2023-08-15,2023-08-21,1
20230808,01055,Etowah County,AL,100.00,0.00,0.00,0.00,0.00,0.00,2023-08-08,2023-08-14,1
20230801,01055,Etowah County,AL,100.00,0.00,0.00,0.00,0.00,0.00,2023-08-01,2023-08-07,1
20231114,01057,Fayette County,AL,0.00,100.00,100.00,100.00,100.00,0.00,2023-11-14,2023-11-20,1
20231107,01057,Fayette County,AL,0.00,100.00,100.00,100.00,100.00,0.00,2023-11-07,2023-11-13,1
20231031,01057,Fayette County,AL,0.00,100.00,100.00,100.00,0.00,0.00,2023-10-31,2023-11-06,1
20231024,01057,Fayette County,AL,0.00,100.00,100.00,100.00,0.00,0.00,2023-10-24,2023-10-30,1
20231017,01057,Fayette County,AL,0.00,100.00,100.00,95.22,0.00,0.00,2023-10-17,2023-10-23,1
20231010,01057,Fayette County,AL,0.00,100.00,100.00,0.00,0.00,0.00,2023-10-10,2023-10-16,1
20231003,01057,Fayette County,AL,0.00,100.00,100.00,0.00,0.00,0.00,2023-10-03,2023-10-09,1
20230926,01057,Fayette County,AL,0.00,100.00,0.00,0.00,0.00,0.00,2023-09-26,2023-10-02,1
20230919,01057,Fayette County,AL,0.00,100.00,0.00,0.00,0.00,0.00,2023-09-19,2023-09-25,1
20230912,01057,Fayette County,AL,100.00,0.00,0.00,0.00,0.00,0.00,2023-09-12,2023-09-18,1
20230905,01057,Fayette County,AL,100.00,0.00,0.00,0.00,0.00,0.00,2023-09-05,2023-09-11,1
20230829,01057,Fayette County,AL,100.00,0.00,0.00,0.00,0.00,0.00,2023-08-29,2023-09-04,1
20230822,01057,Fayette County,AL,100.00,0.00,0.00,0.00,0.00,0.00,2023-08-22,2023-08-28,1
20230815,01057,Fayette County,AL,100.00,0.00,0.00,0.00,0.00,0.00,2023-08-15,2023-08-21,1
20230808,01057,Fayette County,AL,100.00,0.00,0.00,0.00,0.00,0.00,2023-08-08,2023-08-14,1
20230801,01057,Fayette County,AL,100.00,0.00,0.00,0.00,0.00,0.00,2023-08-01,2023-08-07,1
20231114,01059,Franklin County,AL,0.00,100.00,100.00,100.00,100.00,44.23,2023-11-14,2023-11-20,1
20231107,01059,Franklin County,AL,0.00,100.00,100.00,100.00,100.00,0.00,2023-11-07,2023-11-13,1
20231031,01059,Franklin County,AL,0.00,100.00,100.00,100.00,100.00,0.00,2023-10-31,2023-11-06,1
20231024,01059,Franklin County,AL,0.00,100.00,100.00,100.00,24.36,0.00,2023-10-24,2023-10-30,1
20231017,01059,Franklin County,AL,0.00,100.00,100.00,100.00,0.00,0.00,2023-10-17,2023-10-23,1
20231010,01059,Franklin County,AL,0.00,100.00,100.00,0.00,0.00,0.00,2023-10-10,2023-10-16,1
20231003,01059,Franklin County,AL,0.00,100.00,100.00,0.00,0.00,0.00,2023-10-03,2023-10-09,1
20230926,01059,Franklin County,AL,0.00,100.00,0.00,0.00,0.00,0.00,2023-09-26,2023-10-02,1
20230919,01059,Franklin County,AL,0.00,100.00,0.00,0.00,0.00,0.00,2023-09-19,2023-09-25,1
20230912,01059,Franklin County,AL,100.00,0.00,0.00,0.00,0.00,0.00,2023-09-12,2023-09-18,1
20230905,01059,Franklin County,AL,100.00,0.00,0.00,0.00,0.00,0.00,2023-09-05,2023-09-11,1
20230829,01059,Franklin County,AL,100.00,0.00,0.00,0.00,0.00,0.00,2023-08-29,2023-09-04,1
20230822,01059,Franklin County,AL,100.00,0.00,0.00,0.00,0.00,0.00,2023-08-22,2023-08-28,1
20230815,01059,Franklin County,AL,100.00,0.00,0.00,0.00,0.00,0.00,2023-08-15,2023-08-21,1
20230808,01059,Franklin County,AL,72.45,27.55,0.00,0.00,0.00,0.00,2023-08-08,2023-08-14,1
20230801,01059,Franklin County,AL,45.99,54.01,27.55,0.00,0.00,0.00,2023-08-01,2023-08-07,1
20231114,01061,Geneva County,AL,0.00,100.00,100.00,100.00,100.00,0.00,2023-11-14,2023-11-20,1
20231107,01061,Geneva County,AL,0.00,100.00,100.00,100.00,100.00,0.00,2023-11-07,2023-11-13,1
20231031,01061,Geneva County,AL,0.00,100.00,100.00,100.00,47.99,0.00,2023-10-31,2023-11-06,1
20231024,01061,Geneva County,AL,0.00,100.00,100.00,100.00,0.00,0.00,2023-10-24,2023-10-30,1
20231017,01061,Geneva County,AL,0.00,100.00,100.00,91.14,0.00,0.00,2023-10-17,2023-10-23,1
20231010,01061,Geneva County,AL,0.00,100.00,100.00,91.14,0.00,0.00,2023-10-10,2023-10-16,1
20231003,01061,Geneva County,AL,0.00,100.00,100.00,47.54,0.00,0.00,2023-10-03,2023-10-09,1
20230926,01061,Geneva County,AL,0.00,100.00,100.00,44.30,0.00,0.00,2023-09-26,2023-10-02,1
20230919,01061,Geneva County,AL,0.00,100.00,100.00,0.00,0.00,0.00,2023-09-19,2023-09-25,1
20230912,01061,Geneva County,AL,0.00,100.00,62.68,0.00,0.00,0.00,2023-09-12,2023-09-18,1
20230905,01061,Geneva County,AL,0.00,100.00,0.00,0.00,0.00,0.00,2023-09-05,2023-09-11,1
20230829,01061,Geneva County,AL,0.00,100.00,0.00,0.00,0.00,0.00,2023-08-29,2023-09-04,1
20230822,01061,Geneva County,AL,0.00,100.00,0.00,0.00,0.00,0.00,2023-08-22,2023-08-28,1
20230815,01061,Geneva County,AL,0.00,100.00,0.00,0.00,0.00,0.00,2023-08-15,2023-08-21,1
20230808,01061,Geneva County,AL,100.00,0.00,0.00,0.00,0.00,0.00,2023-08-08,2023-08-14,1
20230801,01061,Geneva County,AL,100.00,0.00,0.00,0.00,0.00,0.00,2023-08-01,2023-08-07,1
20231114,01063,Greene County,AL,0.00,100.00,100.00,100.00,27.11,0.00,2023-11-14,2023-11-20,1
20231107,01063,Greene County,AL,0.00,100.00,100.00,99.97,0.00,0.00,2023-11-07,2023-11-13,1
20231031,01063,Greene County,AL,0.00,100.00,100.00,44.58,0.00,0.00,2023-10-31,2023-11-06,1
20231024,01063,Greene County,AL,0.00,100.00,100.00,8.94,0.00,0.00,2023-10-24,2023-10-30,1
20231017,01063,Greene County,AL,0.00,100.00,100.00,0.00,0.00,0.00,2023-10-17,2023-10-23,1
20231010,01063,Greene County,AL,0.00,100.00,100.00,0.00,0.00,0.00,2023-10-10,2023-10-16,1
20231003,01063,Greene County,AL,0.00,100.00,100.00,0.00,0.00,0.00,2023-10-03,2023-10-09,1
20230926,01063,Greene County,AL,0.00,100.00,0.00,0.00,0.00,0.00,2023-09-26,2023-10-02,1
20230919,01063,Greene County,AL,0.00,100.00,0.00,0.00,0.00,0.00,2023-09-19,2023-09-25,1
20230912,01063,Greene County,AL,74.38,25.62,0.00,0.00,0.00,0.00,2023-09-12,2023-09-18,1
20230905,01063,Greene County,AL,74.38,25.62,0.00,0.00,0.00,0.00,2023-09-05,2023-09-11,1
20230829,01063,Greene County,AL,75.80,24.20,0.00,0.00,0.00,0.00,2023-08-29,2023-09-04,1
20230822,01063,Greene County,AL,95.92,4.08,0.00,0.00,0.00,0.00,2023-08-22,2023-08-28,1
20230815,01063,Greene County,AL,100.00,0.00,0.00,0.00,0.00,0.00,2023-08-15,2023-08-21,1
20230808,01063,Greene County,AL,100.00,0.00,0.00,0.00,0.00,0.00,2023-08-08,2023-08-14,1
20230801,01063,Greene County,AL,100.00,0.00,0.00,0.00,0.00,0.00,2023-08-01,2023-08-07,1
20231114,01065,Hale County,AL,0.00,100.00,100.00,100.00,17.50,0.00,2023-11-14,2023-11-20,1
20231107,01065,Hale County,AL,0.00,100.00,100.00,97.68,0.00,0.00,2023-11-07,2023-11-13,1
20231031,01065,Hale County,AL,0.00,100.00,100.00,42.41,0.00,0.00,2023-10-31,2023-11-06,1
20231024,01065,Hale County,AL,0.00,100.00,100.00,0.00,0.00,0.00,2023-10-24,2023-10-30,1
20231017,01065,Hale County,AL,0.00,100.00,100.00,0.00,0.00,0.00,2023-10-17,2023-10-23,1
20231010,01065,Hale County,AL,0.00,100.00,100.00,0.00,0.00,0.00,2023-10-10,2023-10-16,1
20231003,01065,Hale County,AL,0.00,100.00,100.00,0.00,0.00,0.00,2023-10-03,2023-10-09,1
20230926,01065,Hale County,AL,0.00,100.00,0.00,0.00,0.00,0.00,2023-09-26,2023-10-02,1
20230919,01065,Hale County,AL,0.00,100.00,0.00,0.00,0.00,0.00,2023-09-19,2023-09-25,1
20230912,01065,Hale County,AL,86.28,13.72,0.00,0.00,0.00,0.00,2023-09-12,2023-09-18,1
20230905,01065,Hale County,AL,86.28,13.72,0.00,0.00,0.00,0.00,2023-09-05,2023-09-11,1
20230829,01065,Hale County,AL,1.30,98.70,0.00,0.00,0.00,0.00,2023-08-29,2023-09-04,1
20230822,01065,Hale County,AL,76.42,23.58,0.00,0.00,0.00,0.00,2023-08-22,2023-08-28,1
20230815,01065,Hale County,AL,100.00,0.00,0.00,0.00,0.00,0.00,2023-08-15,2023-08-21,1
20230808,01065,Hale County,AL,100.00,0.00,0.00,0.00,0.00,0.00,2023-08-08,2023-08-14,1
20230801,01065,Hale County,AL,100.00,0.00,0.00,0.00,0.00,0.00,2023-08-01,2023-08-07,1
20231114,01067,Henry County,AL,0.00,100.00,100.00,100.00,0.00,0.00,2023-11-14,2023-11-20,1
20231107,01067,Henry County,AL,0.00,100.00,100.00,100.00,0.00,0.00,2023-11-07,2023-11-13,1
20231031,01067,Henry County,AL,0.00,100.00,100.00,0.00,0.00,0.00,2023-10-31,2023-11-06,1
20231024,01067,Henry County,AL,0.00,100.00,100.00,0.00,0.00,0.00,2023-10-24,2023-10-30,1
20231017,01067,Henry County,AL,0.00,100.00,100.00,0.00,0.00,0.00,2023-10-17,2023-10-23,1
20231010,01067,Henry County,AL,0.00,100.00,68.65,0.00,0.00,0.00,2023-10-10,2023-10-16,1
20231003,01067,Henry County,AL,0.00,100.00,67.55,0.00,0.00,0.00,2023-10-03,2023-10-09,1
20230926,01067,Henry County,AL,0.00,100.00,67.55,0.00,0.00,0.00,2023-09-26,2023-10-02,1
20230919,01067,Henry County,AL,17.27,82.73,0.69,0.00,0.00,0.00,2023-09-19,2023-09-25,1
20230912,01067,Henry County,AL,0.00,100.00,0.00,0.00,0.00,0.00,2023-09-12,2023-09-18,1
20230905,01067,Henry County,AL,99.83,0.17,0.00,0.00,0.00,0.00,2023-09-05,2023-09-11,1
20230829,01067,Henry County,AL,85.41,14.59,0.00,0.00,0.00,0.00,2023-08-29,2023-09-04,1
20230822,01067,Henry County,AL,85.82,14.18,0.00,0.00,0.00,0.00,2023-08-22,2023-08-28,1
20230815,01067,Henry County,AL,87.11,12.89,0.00,0.00,0.00,0.00,2023-08-15,2023-08-21,1
20230808,01067,Henry County,AL,100.00,0.00,0.00,0.00,0.00,0.00,2023-08-08,2023-08-14,1
20230801,01067,Henry County,AL,100.00,0.00,0.00,0.00,0.00,0.00,2023-08-01,2023-08-07,1
20231114,01069,Houston County,AL,0.00,100.00,100.00,100.00,58.79,0.00,2023-11-14,2023-11-20,1
20231107,01069,Houston County,AL,0.00,100.00,100.00,100.00,56.55,0.00,2023-11-07,2023-11-13,1
20231031,01069,Houston County,AL,0.00,100.00,100.00,56.36,0.00,0.00,2023-10-31,2023-11-06,1
20231024,01069,Houston County,AL,0.00,100.00,100.00,53.15,0.00,0.00,2023-10-24,2023-10-30,1
20231017,01069,Houston County,AL,0.00,100.00,100.00,6.41,0.00,0.00,2023-10-17,2023-10-23,1
20231010,01069,Houston County,AL,0.00,100.00,98.41,6.41,0.00,0.00,2023-10-10,2023-10-16,1
20231003,01069,Houston County,AL,0.00,100.00,98.30,0.00,0.00,0.00,2023-10-03,2023-10-09,1
20230926,01069,Houston County,AL,0.00,100.00,98.30,0.00,0.00,0.00,2023-09-26,2023-10-02,1
20230919,01069,Houston County,AL,0.83,99.17,88.12,0.00,0.00,0.00,2023-09-19,2023-09-25,1
20230912,01069,Houston County,AL,0.00,100.00,64.96,0.00,0.00,0.00,2023-09-12,2023-09-18,1
20230905,01069,Houston County,AL,10.88,89.12,0.00,0.00,0.00,0.00,2023-09-05,2023-09-11,1
20230829,01069,Houston County,AL,2.72,97.28,0.00,0.00,0.00,0.00,2023-08-29,2023-09-04,1
20230822,01069,Houston County,AL,2.80,97.20,0.00,0.00,0.00,0.00,2023-08-22,2023-08-28,1
20230815,01069,Houston County,AL,6.34,93.66,0.00,0.00,0.00,0.00,2023-08-15,2023-08-21,1
20230808,01069,Houston County,AL,100.00,0.00,0.00,0.00,0.00,0.00,2023-08-08,2023-08-14,1
20230801,01069,Houston County,AL,100.00,0.00,0.00,0.00,0.00,0.00,2023-08-01,2023-08-07,1
20231114,01071,Jackson County,AL,0.00,100.00,100.00,100.00,100.00,89.30,2023-11-14,2023-11-20,1
20231107,01071,Jackson County,AL,0.00,100.00,100.00,100.00,100.00,37.89,2023-11-07,2023-11-13,1
20231031,01071,Jackson County,AL,0.00,100.00,100.00,100.00,100.00,0.00,2023-10-31,2023-11-06,1
20231024,01071,Jackson County,AL,0.00,100.00,100.00,100.00,80.73,0.00,2023-10-24,2023-10-30,1
20231017,01071,Jackson County,AL,0.00,100.00,100.00,100.00,0.00,0.00,2023-10-17,2023-10-23,1
20231010,01071,Jackson County,AL,0.00,100.00,100.00,67.06,0.00,0.00,2023-10-10,2023-10-16,1
20231003,01071,Jackson County,AL,0.00,100.00,100.00,0.00,0.00,0.00,2023-10-03,2023-10-09,1
20230926,01071,Jackson County,AL,0.00,100.00,84.03,0.00,0.00,0.00,2023-09-26,2023-10-02,1
20230919,01071,Jackson County,AL,0.00,100.00,0.00,0.00,0.00,0.00,2023-09-19,2023-09-25,1
20230912,01071,Jackson County,AL,100.00,0.00,0.00,0.00,0.00,0.00,2023-09-12,2023-09-18,1
20230905,01071,Jackson County,AL,100.00,0.00,0.00,0.00,0.00,0.00,2023-09-05,2023-09-11,1
20230829,01071,Jackson County,AL,100.00,0.00,0.00,0.00,0.00,0.00,2023-08-29,2023-09-04,1
20230822,01071,Jackson County,AL,100.00,0.00,0.00,0.00,0.00,0.00,2023-08-22,2023-08-28,1
20230815,01071,Jackson County,AL,100.00,0.00,0.00,0.00,0.00,0.00,2023-08-15,2023-08-21,1
20230808,01071,Jackson County,AL,100.00,0.00,0.00,0.00,0.00,0.00,2023-08-08,2023-08-14,1
20230801,01071,Jackson County,AL,100.00,0.00,0.00,0.00,0.00,0.00,2023-08-01,2023-08-07,1
20231114,01073,Jefferson County,AL,0.00,100.00,100.00,100.00,100.00,0.00,2023-11-14,2023-11-20,1
20231107,01073,Jefferson County,AL,0.00,100.00,100.00,100.00,2.97,0.00,2023-11-07,2023-11-13,1
20231031,01073,Jefferson County,AL,0.00,100.00,100.00,100.00,0.00,0.00,2023-10-31,2023-11-06,1
20231024,01073,Jefferson County,AL,0.00,100.00,100.00,100.00,0.00,0.00,2023-10-24,2023-10-30,1
20231017,01073,Jefferson County,AL,0.00,100.00,100.00,32.83,0.00,0.00,2023-10-17,2023-10-23,1
20231010,01073,Jefferson County,AL,0.00,100.00,68.94,0.28,0.00,0.00,2023-10-10,2023-10-16,1
20231003,01073,Jefferson County,AL,0.00,100.00,35.00,0.00,0.00,0.00,2023-10-03,2023-10-09,1
20230926,01073,Jefferson County,AL,65.00,35.00,0.00,0.00,0.00,0.00,2023-09-26,2023-10-02,1
20230919,01073,Jefferson County,AL,65.00,35.00,0.00,0.00,0.00,0.00,2023-09-19,2023-09-25,1
20230912,01073,Jefferson County,AL,100.00,0.00,0.00,0.00,0.00,0.00,2023-09-12,2023-09-18,1
20230905,01073,Jefferson County,AL,100.00,0.00,0.00,0.00,0.00,0.00,2023-09-05,2023-09-11,1
20230829,01073,Jefferson County,AL,100.00,0.00,0.00,0.00,0.00,0.00,2023-08-29,2023-09-04,1
20230822,01073,Jefferson County,AL,100.00,0.00,0.00,0.00,0.00,0.00,2023-08-22,2023-08-28,1
20230815,01073,Jefferson County,AL,100.00,0.00,0.00,0.00,0.00,0.00,2023-08-15,2023-08-21,1
20230808,01073,Jefferson County,AL,100.00,0.00,0.00,0.00,0.00,0.00,2023-08-08,2023-08-14,1
20230801,01073,Jefferson County,AL,100.00,0.00,0.00,0.00,0.00,0.00,2023-08-01,2023-08-07,1
20231114,01075,Lamar County,AL,0.00,100.00,100.00,100.00,100.00,0.00,2023-11-14,2023-11-20,1
20231107,01075,Lamar County,AL,0.00,100.00,100.00,100.00,100.00,0.00,2023-11-07,2023-11-13,1
20231031,01075,Lamar County,AL,0.00,100.00,100.00,100.00,0.00,0.00,2023-10-31,2023-11-06,1
20231024,01075,Lamar County,AL,0.00,100.00,100.00,100.00,0.00,0.00,2023-10-24,2023-10-30,1
20231017,01075,Lamar County,AL,0.00,100.00,100.00,99.56,0.00,0.00,2023-10-17,2023-10-23,1
20231010,01075,Lamar County,AL,0.00,100.00,100.00,0.00,0.00,0.00,2023-10-10,2023-10-16,1
20231003,01075,Lamar County,AL,0.00,100.00,100.00,0.00,0.00,0.00,2023-10-03,2023-10-09,1
20230926,01075,Lamar County,AL,0.00,100.00,0.00,0.00,0.00,0.00,2023-09-26,2023-10-02,1
20230919,01075,Lamar County,AL,0.00,100.00,0.00,0.00,0.00,0.00,2023-09-19,2023-09-25,1
20230912,01075,Lamar County,AL,100.00,0.00,0.00,0.00,0.00,0.00,2023-09-12,2023-09-18,1
20230905,01075,Lamar County,AL,100.00,0.00,0.00,0.00,0.00,0.00,2023-09-05,2023-09-11,1
20230829,01075,Lamar County,AL,100.00,0.00,0.00,0.00,0.00,0.00,2023-08-29,2023-09-04,1
20230822,01075,Lamar County,AL,100.00,0.00,0.00,0.00,0.00,0.00,2023-08-22,2023-08-28,1
20230815,01075,Lamar County,AL,100.00,0.00,0.00,0.00,0.00,0.00,2023-08-15,2023-08-21,1
20230808,01075,Lamar County,AL,100.00,0.00,0.00,0.00,0.00,0.00,2023-08-08,2023-08-14,1
20230801,01075,Lamar County,AL,100.00,0.00,0.00,0.00,0.00,0.00,2023-08-01,2023-08-07,1
20231114,01077,Lauderdale County,AL,0.00,100.00,100.00,100.00,100.00,54.11,2023-11-14,2023-11-20,1
20231107,01077,Lauderdale County,AL,0.00,100.00,100.00,100.00,100.00,0.00,2023-11-07,2023-11-13,1
20231031,01077,Lauderdale County,AL,0.00,100.00,100.00,100.00,100.00,0.00,2023-10-31,2023-11-06,1
20231024,01077,Lauderdale County,AL,0.00,100.00,100.00,100.00,10.02,0.00,2023-10-24,2023-10-30,1
20231017,01077,Lauderdale County,AL,0.00,100.00,100.00,100.00,0.00,0.00,2023-10-17,2023-10-23,1
20231010,01077,Lauderdale County,AL,0.00,100.00,100.00,0.00,0.00,0.00,2023-10-10,2023-10-16,1
20231003,01077,Lauderdale County,AL,0.00,100.00,15.68,0.00,0.00,0.00,2023-10-03,2023-10-09,1
20230926,01077,Lauderdale County,AL,0.00,100.00,0.00,0.00,0.00,0.00,2023-09-26,2023-10-02,1
20230919,01077,Lauderdale County,AL,2.12,97.88,0.00,0.00,0.00,0.00,2023-09-19,2023-09-25,1
20230912,01077,Lauderdale County,AL,100.00,0.00,0.00,0.00,0.00,0.00,2023-09-12,2023-09-18,1
20230905,01077,Lauderdale County,AL,100.00,0.00,0.00,0.00,0.00,0.00,2023-09-05,2023-09-11,1
20230829,01077,Lauderdale County,AL,100.00,0.00,0.00,0.00,0.00,0.00,2023-08-29,2023-09-04,1
20230822,01077,Lauderdale County,AL,100.00,0.00,0.00,0.00,0.00,0.00,2023-08-22,2023-08-28,1
20230815,01077,Lauderdale County,AL,100.00,0.00,0.00,0.00,0.00,0.00,2023-08-15,2023-08-21,1
20230808,01077,Lauderdale County,AL,82.09,17.91,0.00,0.00,0.00,0.00,2023-08-08,2023-08-14,1
20230801,01077,Lauderdale County,AL,33.21,66.79,17.91,0.00,0.00,0.00,2023-08-01,2023-08-07,1
20231114,01079,Lawrence County,AL,0.00,100.00,100.00,100.00,100.00,0.00,2023-11-14,2023-11-20,1
20231107,01079,Lawrence County,AL,0.00,100.00,100.00,100.00,100.00,0.00,2023-11-07,2023-11-13,1
20231031,01079,Lawrence County,AL,0.00,100.00,100.00,100.00,100.00,0.00,2023-10-31,2023-11-06,1
20231024,01079,Lawrence County,AL,0.00,100.00,100.00,100.00,0.00,0.00,2023-10-24,2023-10-30,1
20231017,01079,Lawrence County,AL,0.00,100.00,100.00,100.00,0.00,0.00,2023-10-17,2023-10-23,1
20231010,01079,Lawrence County,AL,0.00,100.00,100.00,0.00,0.00,0.00,2023-10-10,2023-10-16,1
20231003,01079,Lawrence County,AL,0.00,100.00,99.98,0.00,0.00,0.00,2023-10-03,2023-10-09,1
20230926,01079,Lawrence County,AL,0.00,100.00,0.00,0.00,0.00,0.00,2023-09-26,2023-10-02,1
20230919,01079,Lawrence County,AL,0.00,100.00,0.00,0.00,0.00,0.00,2023-09-19,2023-09-25,1
20230912,01079,Lawrence County,AL,100.00,0.00,0.00,0.00,0.00,0.00,2023-09-12,2023-09-18,1
20230905,01079,Lawrence County,AL,100.00,0.00,0.00,0.00,0.00,0.00,2023-09-05,2023-09-11,1
20230829,01079,Lawrence County,AL,100.00,0.00,0.00,0.00,0.00,0.00,2023-08-29,2023-09-04,1
20230822,01079,Lawrence County,AL,100.00,0.00,0.00,0.00,0.00,0.00,2023-08-22,2023-08-28,1
20230815,01079,Lawrence County,AL,100.00,0.00,0.00,0.00,0.00,0.00,2023-08-15,2023-08-21,1
20230808,01079,Lawrence County,AL,43.15,56.85,0.00,0.00,0.00,0.00,2023-08-08,2023-08-14,1
20230801,01079,Lawrence County,AL,3.97,96.03,56.85,0.00,0.00,0.00,2023-08-01,2023-08-07,1
20231114,01081,Lee County,AL,36.57,63.43,26.24,0.00,0.00,0.00,2023-11-14,2023-11-20,1
20231107,01081,Lee County,AL,36.57,63.43,15.87,0.00,0.00,0.00,2023-11-07,2023-11-13,1
20231031,01081,Lee County,AL,36.33,63.67,1.44,0.00,0.00,0.00,2023-10-31,2023-11-06,1
20231024,01081,Lee County,AL,36.90,63.10,0.00,0.00,0.00,0.00,2023-10-24,2023-10-30,1
20231017,01081,Lee County,AL,76.54,23.46,0.00,0.00,0.00,0.00,2023-10-17,2023-10-23,1
20231010,01081,Lee County,AL,0.00,100.00,0.00,0.00,0.00,0.00,2023-10-10,2023-10-16,1
20231003,01081,Lee County,AL,0.00,100.00,0.00,0.00,0.00,0.00,2023-10-03,2023-10-09,1
20230926,01081,Lee County,AL,59.77,40.23,0.00,0.00,0.00,0.00,2023-09-26,2023-10-02,1
20230919,01081,Lee County,AL,59.77,40.23,0.00,0.00,0.00,0.00,2023-09-19,2023-09-25,1
20230912,01081,Lee County,AL,61.20,38.80,0.00,0.00,0.00,0.00,2023-09-12,2023-09-18,1
20230905,01081,Lee County,AL,96.16,3.84,0.00,0.00,0.00,0.00,2023-09-05,2023-09-11,1
20230829,01081,Lee County,AL,97.50,2.50,0.00,0.00,0.00,0.00,2023-08-29,2023-09-04,1
20230822,01081,Lee County,AL,97.50,2.50,0.00,0.00,0.00,0.00,2023-08-22,2023-08-28,1
20230815,01081,Lee County,AL,100.00,0.00,0.00,0.00,0.00,0.00,2023-08-15,2023-08-21,1
20230808,01081,Lee County,AL,84.66,15.34,0.00,0.00,0.00,0.00,2023-08-08,2023-08-14,1
20230801,01081,Lee County,AL,76.38,23.62,0.00,0.00,0.00,0.00,2023-08-01,2023-08-07,1
20231114,01083,Limestone County,AL,0.00,100.00,100.00,100.00,100.00,0.00,2023-11-14,2023-11-20,1
20231107,01083,Limestone County,AL,0.00,100.00,100.00,100.00,100.00,0.00,2023-11-07,2023-11-13,1
20231031,01083,Limestone County,AL,0.00,100.00,100.00,100.00,100.00,0.00,2023-10-31,2023-11-06,1
20231024,01083,Limestone County,AL,0.00,100.00,100.00,100.00,0.00,0.00,2023-10-24,2023-10-30,1
20231017,01083,Limestone County,AL,0.00,100.00,100.00,100.00,0.00,0.00,2023-10-17,2023-10-23,1
20231010,01083,Limestone County,AL,0.00,100.00,100.00,0.00,0.00,0.00,2023-10-10,2023-10-16,1
20231003,01083,Limestone County,AL,0.00,100.00,75.24,0.00,0.00,0.00,2023-10-03,2023-10-09,1
20230926,01083,Limestone County,AL,0.00,100.00,0.00,0.00,0.00,0.00,2023-09-26,2023-10-02,1
20230919,01083,Limestone County,AL,0.00,100.00,0.00,0.00,0.00,0.00,2023-09-19,2023-09-25,1
20230912,01083,Limestone County,AL,100.00,0.00,0.00,0.00,0.00,0.00,2023-09-12,2023-09-18,1
20230905,01083,Limestone County,AL,100.00,0.00,0.00,0.00,0.00,0.00,2023-09-05,2023-09-11,1
20230829,01083,Limestone County,AL,100.00,0.00,0.00,0.00,0.00,0.00,2023-08-29,2023-09-04,1
20230822,01083,Limestone County,AL,100.00,0.00,0.00,0.00,0.00,0.00,2023-08-22,2023-08-28,1
20230815,01083,Limestone County,AL,100.00,0.00,0.00,0.00,0.00,0.00,2023-08-15,2023-08-21,1
20230808,01083,Limestone County,AL,86.78,13.22,0.00,0.00,0.00,0.00,2023-08-08,2023-08-14,1
20230801,01083,Limestone County,AL,18.53,81.47,13.22,0.00,0.00,0.00,2023-08-01,2023-08-07,1
20231114,01085,Lowndes County,AL,0.00,100.00,100.00,21.10,0.00,0.00,2023-11-14,2023-11-20,1
20231107,01085,Lowndes County,AL,0.00,100.00,100.00,21.10,0.00,0.00,2023-11-07,2023-11-13,1
20231031,01085,Lowndes County,AL,0.00,100.00,100.00,0.56,0.00,0.00,2023-10-31,2023-11-06,1
20231024,01085,Lowndes County,AL,0.00,100.00,100.00,0.00,0.00,0.00,2023-10-24,2023-10-30,1
20231017,01085,Lowndes County,AL,0.00,100.00,100.00,0.00,0.00,0.00,2023-10-17,2023-10-23,1
20231010,01085,Lowndes County,AL,0.00,100.00,100.00,5.14,0.00,0.00,2023-10-10,2023-10-16,1
20231003,01085,Lowndes County,AL,0.00,100.00,94.89,0.00,0.00,0.00,2023-10-03,2023-10-09,1
20230926,01085,Lowndes County,AL,3.31,96.69,3.82,0.00,0.00,0.00,2023-09-26,2023-10-02,1
20230919,01085,Lowndes County,AL,3.31,96.69,3.82,0.00,0.00,0.00,2023-09-19,2023-09-25,1
20230912,01085,Lowndes County,AL,3.67,96.33,0.00,0.00,0.00,0.00,2023-09-12,2023-09-18,1
20230905,01085,Lowndes County,AL,95.18,4.82,0.00,0.00,0.00,0.00,2023-09-05,2023-09-11,1
20230829,01085,Lowndes County,AL,91.88,8.12,0.00,0.00,0.00,0.00,2023-08-29,2023-09-04,1
20230822,01085,Lowndes County,AL,92.69,7.31,0.00,0.00,0.00,0.00,2023-08-22,2023-08-28,1
20230815,01085,Lowndes County,AL,99.01,0.99,0.00,0.00,0.00,0.00,2023-08-15,2023-08-21,1
20230808,01085,Lowndes County,AL,99.01,0.99,0.00,0.00,0.00,0.00,2023-08-08,2023-08-14,1
20230801,01085,Lowndes County,AL,99.01,0.99,0.00,0.00,0.00,0.00,2023-08-01,2023-08-07,1
20231114,01087,Macon County,AL,0.00,100.00,97.68,0.00,0.00,0.00,2023-11-14,2023-11-20,1
20231107,01087,Macon County,AL,0.00,100.00,98.92,0.00,0.00,0.00,2023-11-07,2023-11-13,1
20231031,01087,Macon County,AL,0.00,100.00,0.00,0.00,0.00,0.00,2023-10-31,2023-11-06,1
20231024,01087,Macon County,AL,0.00,100.00,0.00,0.00,0.00,0.00,2023-10-24,2023-10-30,1
20231017,01087,Macon County,AL,52.87,47.13,0.00,0.00,0.00,0.00,2023-10-17,2023-10-23,1
20231010,01087,Macon County,AL,0.00,100.00,0.00,0.00,0.00,0.00,2023-10-10,2023-10-16,1
20231003,01087,Macon County,AL,0.00,100.00,0.00,0.00,0.00,0.00,2023-10-03,2023-10-09,1
20230926,01087,Macon County,AL,75.93,24.07,0.00,0.00,0.00,0.00,2023-09-26,2023-10-02,1
20230919,01087,Macon County,AL,75.93,24.07,0.00,0.00,0.00,0.00,2023-09-19,2023-09-25,1
20230912,01087,Macon County,AL,76.27,23.73,0.00,0.00,0.00,0.00,2023-09-12,2023-09-18,1
20230905,01087,Macon County,AL,100.00,0.00,0.00,0.00,0.00,0.00,2023-09-05,2023-09-11,1
20230829,01087,Macon County,AL,100.00,0.00,0.00,0.00,0.00,0.00,2023-08-29,2023-09-04,1
20230822,01087,Macon County,AL,100.00,0.00,0.00,0.00,0.00,0.00,2023-08-22,2023-08-28,1
20230815,01087,Macon County,AL,100.00,0.00,0.00,0.00,0.00,0.00,2023-08-15,2023-08-21,1
20230808,01087,Macon County,AL,95.44,4.56,0.00,0.00,0.00,0.00,2023-08-08,2023-08-14,1
20230801,01087,Macon County,AL,53.23,46.77,0.00,0.00,0.00,0.00,2023-08-01,2023-08-07,1
20231114,01089,Madison County,AL,0.00,100.00,100.00,100.00,100.00,24.42,2023-11-14,2023-11-20,1
20231107,01089,Madison County,AL,0.00,100.00,100.00,100.00,100.00,0.00,2023-11-07,2023-11-13,1
20231031,01089,Madison County,AL,0.00,100.00,100.00,100.00,100.00,0.00,2023-10-31,2023-11-06,1
20231024,01089,Madison County,AL,0.00,100.00,100.00,100.00,20.17,0.00,2023-10-24,2023-10-30,1
20231017,01089,Madison County,AL,0.00,100.00,100.00,100.00,0.00,0.00,2023-10-17,2023-10-23,1
20231010,01089,Madison County,AL,0.00,100.00,100.00,0.00,0.00,0.00,2023-10-10,2023-10-16,1
20231003,01089,Madison County,AL,0.00,100.00,100.00,0.00,0.00,0.00,2023-10-03,2023-10-09,1
20230926,01089,Madison County,AL,0.00,100.00,25.57,0.00,0.00,0.00,2023-09-26,2023-10-02,1
20230919,01089,Madison County,AL,0.00,100.00,0.00,0.00,0.00,0.00,2023-09-19,2023-09-25,1
20230912,01089,Madison County,AL,100.00,0.00,0.00,0.00,0.00,0.00,2023-09-12,2023-09-18,1
20230905,01089,Madison County,AL,100.00,0.00,0.00,0.00,0.00,0.00,2023-09-05,2023-09-11,1
20230829,01089,Madison County,AL,100.00,0.00,0.00,0.00,0.00,0.00,2023-08-29,2023-09-04,1
20230822,01089,Madison County,AL,100.00,0.00,0.00,0.00,0.00,0.00,2023-08-22,2023-08-28,1
20230815,01089,Madison County,AL,100.00,0.00,0.00,0.00,0.00,0.00,2023-08-15,2023-08-21,1
20230808,01089,Madison County,AL,100.00,0.00,0.00,0.00,0.00,0.00,2023-08-08,2023-08-14,1
20230801,01089,Madison County,AL,100.00,0.00,0.00,0.00,0.00,0.00,2023-08-01,2023-08-07,1
20231114,01091,Marengo County,AL,0.00,100.00,100.00,99.79,0.00,0.00,2023-11-14,2023-11-20,1
20231107,01091,Marengo County,AL,0.00,100.00,100.00,40.60,0.00,0.00,2023-11-07,2023-11-13,1
20231031,01091,Marengo County,AL,0.00,100.00,100.00,0.00,0.00,0.00,2023-10-31,2023-11-06,1
20231024,01091,Marengo County,AL,0.00,100.00,100.00,0.00,0.00,0.00,2023-10-24,2023-10-30,1
20231017,01091,Marengo County,AL,0.00,100.00,100.00,0.00,0.00,0.00,2023-10-17,2023-10-23,1
20231010,01091,Marengo County,AL,0.00,100.00,100.00,3.87,0.00,0.00,2023-10-10,2023-10-16,1
20231003,01091,Marengo County,AL,0.00,100.00,100.00,0.00,0.00,0.00,2023-10-03,2023-10-09,1
20230926,01091,Marengo County,AL,0.00,100.00,0.47,0.00,0.00,0.00,2023-09-26,2023-10-02,1
20230919,01091,Marengo County,AL,0.00,100.00,0.47,0.00,0.00,0.00,2023-09-19,2023-09-25,1
20230912,01091,Marengo County,AL,84.96,15.04,0.47,0.00,0.00,0.00,2023-09-12,2023-09-18,1
20230905,01091,Marengo County,AL,84.96,15.04,0.00,0.00,0.00,0.00,2023-09-05,2023-09-11,1
20230829,01091,Marengo County,AL,0.00,100.00,0.00,0.00,0.00,0.00,2023-08-29,2023-09-04,1
20230822,01091,Marengo County,AL,0.00,100.00,0.00,0.00,0.00,0.00,2023-08-22,2023-08-28,1
20230815,01091,Marengo County,AL,100.00,0.00,0.00,0.00,0.00,0.00,2023-08-15,2023-08-21,1
20230808,01091,Marengo County,AL,100.00,0.00,0.00,0.00,0.00,0.00,2023-08-08,2023-08-14,1
20230801,01091,Marengo County,AL,100.00,0.00,0.00,0.00,0.00,0.00,2023-08-01,2023-08-07,1
20231114,01093,Marion County,AL,0.00,100.00,100.00,100.00,100.00,11.38,2023-11-14,2023-11-20,1
20231107,01093,Marion County,AL,0.00,100.00,100.00,100.00,100.00,0.00,2023-11-07,2023-11-13,1
20231031,01093,Marion County,AL,0.00,100.00,100.00,100.00,54.78,0.00,2023-10-31,2023-11-06,1
20231024,01093,Marion County,AL,0.00,100.00,100.00,100.00,0.00,0.00,2023-10-24,2023-10-30,1
20231017,01093,Marion County,AL,0.00,100.00,100.00,100.00,0.00,0.00,2023-10-17,2023-10-23,1
20231010,01093,Marion County,AL,0.00,100.00,100.00,0.00,0.00,0.00,2023-10-10,2023-10-16,1
20231003,01093,Marion County,AL,0.00,100.00,100.00,0.00,0.00,0.00,2023-10-03,2023-10-09,1
20230926,01093,Marion County,AL,0.00,100.00,0.00,0.00,0.00,0.00,2023-09-26,2023-10-02,1
20230919,01093,Marion County,AL,0.00,100.00,0.00,0.00,0.00,0.00,2023-09-19,2023-09-25,1
20230912,01093,Marion County,AL,100.00,0.00,0.00,0.00,0.00,0.00,2023-09-12,2023-09-18,1
20230905,01093,Marion County,AL,100.00,0.00,0.00,0.00,0.00,0.00,2023-09-05,2023-09-11,1
20230829,01093,Marion County,AL,100.00,0.00,0.00,0.00,0.00,0.00,2023-08-29,2023-09-04,1
20230822,01093,Marion County,AL,100.00,0.00,0.00,0.00,0.00,0.00,2023-08-22,2023-08-28,1
20230815,01093,Marion County,AL,100.00,0.00,0.00,0.00,0.00,0.00,2023-08-15,2023-08-21,1
20230808,01093,Marion County,AL,100.00,0.00,0.00,0.00,0.00,0.00,2023-08-08,2023-08-14,1
20230801,01093,Marion County,AL,47.85,52.15,0.00,0.00,0.00,0.00,2023-08-01,2023-08-07,1
20231114,01095,Marshall County,AL,0.00,100.00,100.00,100.00,100.00,32.10,2023-11-14,2023-11-20,1
20231107,01095,Marshall County,AL,0.00,100.00,100.00,100.00,59.14,0.00,2023-11-07,2023-11-13,1
20231031,01095,Marshall County,AL,0.00,100.00,100.00,100.00,59.14,0.00,2023-10-31,2023-11-06,1
20231024,01095,Marshall County,AL,0.00,100.00,100.00,100.00,40.47,0.00,2023-10-24,2023-10-30,1
20231017,01095,Marshall County,AL,0.00,100.00,100.00,96.82,0.00,0.00,2023-10-17,2023-10-23,1
20231010,01095,Marshall County,AL,0.00,100.00,100.00,13.62,0.00,0.00,2023-10-10,2023-10-16,1
20231003,01095,Marshall County,AL,0.00,100.00,75.95,0.00,0.00,0.00,2023-10-03,2023-10-09,1
20230926,01095,Marshall County,AL,24.05,75.95,39.87,0.00,0.00,0.00,2023-09-26,2023-10-02,1
20230919,01095,Marshall County,AL,38.57,61.43,0.00,0.00,0.00,0.00,2023-09-19,2023-09-25,1
20230912,01095,Marshall County,AL,100.00,0.00,0.00,0.00,0.00,0.00,2023-09-12,2023-09-18,1
20230905,01095,Marshall County,AL,100.00,0.00,0.00,0.00,0.00,0.00,2023-09-05,2023-09-11,1
20230829,01095,Marshall County,AL,100.00,0.00,0.00,0.00,0.00,0.00,2023-08-29,2023-09-04,1
20230822,01095,Marshall County,AL,100.00,0.00,0.00,0.00,0.00,0.00,2023-08-22,2023-08-28,1
20230815,01095,Marshall County,AL,100.00,0.00,0.00,0.00,0.00,0.00,2023-08-15,2023-08-21,1
20230808,01095,Marshall County,AL,100.00,0.00,0.00,0.00,0.00,0.00,2023-08-08,2023-08-14,1
20230801,01095,Marshall County,AL,100.00,0.00,0.00,0.00,0.00,0.00,2023-08-01,2023-08-07,1
20231114,01097,Mobile County,AL,0.00,100.00,100.00,100.00,79.17,0.00,2023-11-14,2023-11-20,1
20231107,01097,Mobile County,AL,0.00,100.00,100.00,100.00,78.91,0.00,2023-11-07,2023-11-13,1
20231031,01097,Mobile County,AL,0.00,100.00,100.00,100.00,78.91,0.00,2023-10-31,2023-11-06,1
20231024,01097,Mobile County,AL,0.00,100.00,100.00,100.00,74.15,0.00,2023-10-24,2023-10-30,1
20231017,01097,Mobile County,AL,0.00,100.00,100.00,100.00,74.73,0.00,2023-10-17,2023-10-23,1
20231010,01097,Mobile County,AL,0.00,100.00,100.00,100.00,74.73,0.00,2023-10-10,2023-10-16,1
20231003,01097,Mobile County,AL,0.00,100.00,100.00,100.00,75.69,0.00,2023-10-03,2023-10-09,1
20230926,01097,Mobile County,AL,0.00,100.00,100.00,100.00,67.69,0.00,2023-09-26,2023-10-02,1
20230919,01097,Mobile County,AL,0.00,100.00,100.00,99.58,67.69,0.00,2023-09-19,2023-09-25,1
20230912,01097,Mobile County,AL,0.00,100.00,100.00,99.58,39.78,0.00,2023-09-12,2023-09-18,1
20230905,01097,Mobile County,AL,0.00,100.00,100.00,92.64,0.00,0.00,2023-09-05,2023-09-11,1
20230829,01097,Mobile County,AL,0.00,100.00,100.00,93.06,0.00,0.00,2023-08-29,2023-09-04,1
20230822,01097,Mobile County,AL,0.00,100.00,100.00,0.00,0.00,0.00,2023-08-22,2023-08-28,1
20230815,01097,Mobile County,AL,0.00,100.00,0.00,0.00,0.00,0.00,2023-08-15,2023-08-21,1
20230808,01097,Mobile County,AL,54.97,45.03,0.00,0.00,0.00,0.00,2023-08-08,2023-08-14,1
20230801,01097,Mobile County,AL,100.00,0.00,0.00,0.00,0.00,0.00,2023-08-01,2023-08-07,1
20231114,01099,Monroe County,AL,0.00,100.00,100.00,100.00,65.16,0.00,2023-11-14,2023-11-20,1
20231107,01099,Monroe County,AL,0.00,100.00,100.00,100.00,65.16,0.00,2023-11-07,2023-11-13,1
20231031,01099,Monroe County,AL,0.00,100.00,100.00,100.00,65.16,0.00,2023-10-31,2023-11-06,1
20231024,01099,Monroe County,AL,0.00,100.00,100.00,100.00,64.02,0.00,2023-10-24,2023-10-30,1
20231017,01099,Monroe County,AL,0.00,100.00,100.00,100.00,50.27,0.00,2023-10-17,2023-10-23,1
20231010,01099,Monroe County,AL,0.00,100.00,100.00,100.00,50.27,0.00,2023-10-10,2023-10-16,1
20231003,01099,Monroe County,AL,0.00,100.00,100.00,89.88,48.80,0.00,2023-10-03,2023-10-09,1
20230926,01099,Monroe County,AL,0.00,100.00,100.00,88.05,3.64,0.00,2023-09-26,2023-10-02,1
20230919,01099,Monroe County,AL,0.00,100.00,100.00,87.18,3.64,0.00,2023-09-19,2023-09-25,1
20230912,01099,Monroe County,AL,0.00,100.00,94.72,86.96,3.64,0.00,2023-09-12,2023-09-18,1
20230905,01099,Monroe County,AL,5.28,94.72,87.43,4.54,0.00,0.00,2023-09-05,2023-09-11,1
20230829,01099,Monroe County,AL,4.64,95.36,86.20,4.54,0.00,0.00,2023-08-29,2023-09-04,1
20230822,01099,Monroe County,AL,4.84,95.16,82.51,0.00,0.00,0.00,2023-08-22,2023-08-28,1
20230815,01099,Monroe County,AL,53.00,47.00,0.00,0.00,0.00,0.00,2023-08-15,2023-08-21,1
20230808,01099,Monroe County,AL,91.04,8.96,0.00,0.00,0.00,0.00,2023-08-08,2023-08-14,1
20230801,01099,Monroe County,AL,91.04,8.96,0.00,0.00,0.00,0.00,2023-08-01,2023-08-07,1
20231114,01101,Montgomery County,AL,0.00,100.00,100.00,0.99,0.00,0.00,2023-11-14,2023-11-20,1
20231107,01101,Montgomery County,AL,0.00,100.00,100.00,0.99,0.00,0.00,2023-11-07,2023-11-13,1
20231031,01101,Montgomery County,AL,0.00,100.00,75.67,0.00,0.00,0.00,2023-10-31,2023-11-06,1
20231024,01101,Montgomery County,AL,0.00,100.00,75.69,0.00,0.00,0.00,2023-10-24,2023-10-30,1
20231017,01101,Montgomery County,AL,0.00,100.00,51.00,0.00,0.00,0.00,2023-10-17,2023-10-23,1
20231010,01101,Montgomery County,AL,0.00,100.00,51.00,0.00,0.00,0.00,2023-10-10,2023-10-16,1
20231003,01101,Montgomery County,AL,0.00,100.00,0.08,0.00,0.00,0.00,2023-10-03,2023-10-09,1
20230926,01101,Montgomery County,AL,76.33,23.67,0.00,0.00,0.00,0.00,2023-09-26,2023-10-02,1
20230919,01101,Montgomery County,AL,76.33,23.67,0.00,0.00,0.00,0.00,2023-09-19,2023-09-25,1
20230912,01101,Montgomery County,AL,77.51,22.49,0.00,0.00,0.00,0.00,2023-09-12,2023-09-18,1
20230905,01101,Montgomery County,AL,100.00,0.00,0.00,0.00,0.00,0.00,2023-09-05,2023-09-11,1
20230829,01101,Montgomery County,AL,100.00,0.00,0.00,0.00,0.00,0.00,2023-08-29,2023-09-04,1
20230822,01101,Montgomery County,AL,100.00,0.00,0.00,0.00,0.00,0.00,2023-08-22,2023-08-28,1
20230815,01101,Montgomery County,AL,100.00,0.00,0.00,0.00,0.00,0.00,2023-08-15,2023-08-21,1
20230808,01101,Montgomery County,AL,100.00,0.00,0.00,0.00,0.00,0.00,2023-08-08,2023-08-14,1
20230801,01101,Montgomery County,AL,100.00,0.00,0.00,0.00,0.00,0.00,2023-08-01,2023-08-07,1
20231114,01103,Morgan County,AL,0.00,100.00,100.00,100.00,100.00,13.53,2023-11-14,2023-11-20,1
20231107,01103,Morgan County,AL,0.00,100.00,100.00,100.00,100.00,0.00,2023-11-07,2023-11-13,1
20231031,01103,Morgan County,AL,0.00,100.00,100.00,100.00,100.00,0.00,2023-10-31,2023-11-06,1
20231024,01103,Morgan County,AL,0.00,100.00,100.00,100.00,28.31,0.00,2023-10-24,2023-10-30,1
20231017,01103,Morgan County,AL,0.00,100.00,100.00,100.00,0.00,0.00,2023-10-17,2023-10-23,1
20231010,01103,Morgan County,AL,0.00,100.00,100.00,0.00,0.00,0.00,2023-10-10,2023-10-16,1
20231003,01103,Morgan County,AL,0.00,100.00,100.00,0.00,0.00,0.00,2023-10-03,2023-10-09,1
20230926,01103,Morgan County,AL,0.00,100.00,9.49,0.00,0.00,0.00,2023-09-26,2023-10-02,1
20230919,01103,Morgan County,AL,0.00,100.00,0.00,0.00,0.00,0.00,2023-09-19,2023-09-25,1
20230912,01103,Morgan County,AL,100.00,0.00,0.00,0.00,0.00,0.00,2023-09-12,2023-09-18,1
20230905,01103,Morgan County,AL,100.00,0.00,0.00,0.00,0.00,0.00,2023-09-05,2023-09-11,1
20230829,01103,Morgan County,AL,100.00,0.00,0.00,0.00,0.00,0.00,2023-08-29,2023-09-04,1
20230822,01103,Morgan County,AL,100.00,0.00,0.00,0.00,0.00,0.00,2023-08-22,2023-08-28,1
20230815,01103,Morgan County,AL,100.00,0.00,0.00,0.00,0.00,0.00,2023-08-15,2023-08-21,1
20230808,01103,Morgan County,AL,98.11,1.89,0.00,0.00,0.00,0.00,2023-08-08,2023-08-14,1
20230801,01103,Morgan County,AL,86.44,13.56,1.89,0.00,0.00,0.00,2023-08-01,2023-08-07,1
20231114,01105,Perry County,AL,0.00,100.00,100.00,87.12,0.00,0.00,2023-11-14,2023-11-20,1
20231107,01105,Perry County,AL,0.00,100.00,100.00,71.69,0.00,0.00,2023-11-07,2023-11-13,1
20231031,01105,Perry County,AL,0.00,100.00,100.00,1.57,0.00,0.00,2023-10-31,2023-11-06,1
20231024,01105,Perry County,AL,0.00,100.00,100.00,0.00,0.00,0.00,2023-10-24,2023-10-30,1
20231017,01105,Perry County,AL,0.00,100.00,100.00,29.89,0.00,0.00,2023-10-17,2023-10-23,1
20231010,01105,Perry County,AL,0.00,100.00,100.00,42.34,0.00,0.00,2023-10-10,2023-10-16,1
20231003,01105,Perry County,AL,0.00,100.00,100.00,0.00,0.00,0.00,2023-10-03,2023-10-09,1
20230926,01105,Perry County,AL,0.00,100.00,0.00,0.00,0.00,0.00,2023-09-26,2023-10-02,1
20230919,01105,Perry County,AL,0.00,100.00,0.00,0.00,0.00,0.00,2023-09-19,2023-09-25,1
20230912,01105,Perry County,AL,75.52,24.48,0.00,0.00,0.00,0.00,2023-09-12,2023-09-18,1
20230905,01105,Perry County,AL,75.71,24.29,0.00,0.00,0.00,0.00,2023-09-05,2023-09-11,1
20230829,01105,Perry County,AL,0.00,100.00,0.00,0.00,0.00,0.00,2023-08-29,2023-09-04,1
20230822,01105,Perry County,AL,16.61,83.39,0.00,0.00,0.00,0.00,2023-08-22,2023-08-28,1
20230815,01105,Perry County,AL,100.00,0.00,0.00,0.00,0.00,0.00,2023-08-15,2023-08-21,1
20230808,01105,Perry County,AL,100.00,0.00,0.00,0.00,0.00,0.00,2023-08-08,2023-08-14,1
20230801,01105,Perry County,AL,100.00,0.00,0.00,0.00,0.00,0.00,2023-08-01,2023-08-07,1
20231114,01107,Pickens County,AL,0.00,100.00,100.00,100.00,97.92,0.00,2023-11-14,2023-11-20,1
20231107,01107,Pickens County,AL,0.00,100.00,100.00,100.00,23.12,0.00,2023-11-07,2023-11-13,1
20231031,01107,Pickens County,AL,0.00,100.00,100.00,100.00,0.00,0.00,2023-10-31,2023-11-06,1
20231024,01107,Pickens County,AL,0.00,100.00,100.00,100.00,0.00,0.00,2023-10-24,2023-10-30,1
20231017,01107,Pickens County,AL,0.00,100.00,100.00,0.41,0.00,0.00,2023-10-17,2023-10-23,1
20231010,01107,Pickens County,AL,0.00,100.00,100.00,0.00,0.00,0.00,2023-10-10,2023-10-16,1
20231003,01107,Pickens County,AL,0.00,100.00,100.00,0.00,0.00,0.00,2023-10-03,2023-10-09,1
20230926,01107,Pickens County,AL,0.00,100.00,0.00,0.00,0.00,0.00,2023-09-26,2023-10-02,1
20230919,01107,Pickens County,AL,0.00,100.00,0.00,0.00,0.00,0.00,2023-09-19,2023-09-25,1
20230912,01107,Pickens County,AL,100.00,0.00,0.00,0.00,0.00,0.00,2023-09-12,2023-09-18,1
20230905,01107,Pickens County,AL,100.00,0.00,0.00,0.00,0.00,0.00,2023-09-05,2023-09-11,1
20230829,01107,Pickens County,AL,100.00,0.00,0.00,0.00,0.00,0.00,2023-08-29,2023-09-04,1
20230822,01107,Pickens County,AL,100.00,0.00,0.00,0.00,0.00,0.00,2023-08-22,2023-08-28,1
20230815,01107,Pickens County,AL,100.00,0.00,0.00,0.00,0.00,0.00,2023-08-15,2023-08-21,1
20230808,01107,Pickens County,AL,100.00,0.00,0.00,0.00,0.00,0.00,2023-08-08,2023-08-14,1
20230801,01107,Pickens County,AL,100.00,0.00,0.00,0.00,0.00,0.00,2023-08-01,2023-08-07,1
20231114,01109,Pike County,AL,0.00,100.00,100.00,78.29,0.00,0.00,2023-11-14,2023-11-20,1
20231107,01109,Pike County,AL,0.00,100.00,100.00,75.11,0.00,0.00,2023-11-07,2023-11-13,1
20231031,01109,Pike County,AL,0.00,100.00,100.00,6.17,0.00,0.00,2023-10-31,2023-11-06,1
20231024,01109,Pike County,AL,0.00,100.00,100.00,0.02,0.00,0.00,2023-10-24,2023-10-30,1
20231017,01109,Pike County,AL,0.00,100.00,99.63,0.00,0.00,0.00,2023-10-17,2023-10-23,1
20231010,01109,Pike County,AL,0.00,100.00,99.63,0.00,0.00,0.00,2023-10-10,2023-10-16,1
20231003,01109,Pike County,AL,0.00,100.00,87.17,0.00,0.00,0.00,2023-10-03,2023-10-09,1
20230926,01109,Pike County,AL,0.00,100.00,1.00,0.00,0.00,0.00,2023-09-26,2023-10-02,1
20230919,01109,Pike County,AL,0.00,100.00,0.00,0.00,0.00,0.00,2023-09-19,2023-09-25,1
20230912,01109,Pike County,AL,0.00,100.00,0.00,0.00,0.00,0.00,2023-09-12,2023-09-18,1
20230905,01109,Pike County,AL,100.00,0.00,0.00,0.00,0.00,0.00,2023-09-05,2023-09-11,1
20230829,01109,Pike County,AL,100.00,0.00,0.00,0.00,0.00,0.00,2023-08-29,2023-09-04,1
20230822,01109,Pike County,AL,100.00,0.00,0.00,0.00,0.00,0.00,2023-08-22,2023-08-28,1
20230815,01109,Pike County,AL,100.00,0.00,0.00,0.00,0.00,0.00,2023-08-15,2023-08-21,1
20230808,01109,Pike County,AL,100.00,0.00,0.00,0.00,0.00,0.00,2023-08-08,2023-08-14,1
20230801,01109,Pike County,AL,100.00,0.00,0.00,0.00,0.00,0.00,2023-08-01,2023-08-07,1
20231114,01111,Randolph County,AL,0.00,100.00,100.00,0.00,0.00,0.00,2023-11-14,2023-11-20,1
20231107,01111,Randolph County,AL,0.00,100.00,100.00,0.00,0.00,0.00,2023-11-07,2023-11-13,1
20231031,01111,Randolph County,AL,0.00,100.00,100.00,0.00,0.00,0.00,2023-10-31,2023-11-06,1
20231024,01111,Randolph County,AL,0.00,100.00,0.00,0.00,0.00,0.00,2023-10-24,2023-10-30,1
20231017,01111,Randolph County,AL,0.00,100.00,0.00,0.00,0.00,0.00,2023-10-17,2023-10-23,1
20231010,01111,Randolph County,AL,0.00,100.00,0.00,0.00,0.00,0.00,2023-10-10,2023-10-16,1
20231003,01111,Randolph County,AL,72.08,27.92,0.00,0.00,0.00,0.00,2023-10-03,2023-10-09,1
20230926,01111,Randolph County,AL,100.00,0.00,0.00,0.00,0.00,0.00,2023-09-26,2023-10-02,1
20230919,01111,Randolph County,AL,100.00,0.00,0.00,0.00,0.00,0.00,2023-09-19,2023-09-25,1
20230912,01111,Randolph County,AL,100.00,0.00,0.00,0.00,0.00,0.00,2023-09-12,2023-09-18,1
20230905,01111,Randolph County,AL,100.00,0.00,0.00,0.00,0.00,0.00,2023-09-05,2023-09-11,1
20230829,01111,Randolph County,AL,100.00,0.00,0.00,0.00,0.00,0.00,2023-08-29,2023-09-04,1
20230822,01111,Randolph County,AL,100.00,0.00,0.00,0.00,0.00,0.00,2023-08-22,2023-08-28,1
20230815,01111,Randolph County,AL,100.00,0.00,0.00,0.00,0.00,0.00,2023-08-15,2023-08-21,1
20230808,01111,Randolph County,AL,93.73,6.27,0.00,0.00,0.00,0.00,2023-08-08,2023-08-14,1
20230801,01111,Randolph County,AL,4.44,95.56,0.00,0.00,0.00,0.00,2023-08-01,2023-08-07,1
20231114,01113,Russell County,AL,0.00,100.00,76.98,0.00,0.00,0.00,2023-11-14,2023-11-20,1
20231107,01113,Russell County,AL,0.00,100.00,76.98,0.00,0.00,0.00,2023-11-07,2023-11-13,1
20231031,01113,Russell County,AL,0.00,100.00,37.08,0.00,0.00,0.00,2023-10-31,2023-11-06,1
20231024,01113,Russell County,AL,0.00,100.00,39.13,0.00,0.00,0.00,2023-10-24,2023-10-30,1
20231017,01113,Russell County,AL,0.72,99.28,35.10,0.00,0.00,0.00,2023-10-17,2023-10-23,1
20231010,01113,Russell County,AL,0.00,100.00,60.01,0.00,0.00,0.00,2023-10-10,2023-10-16,1
20231003,01113,Russell County,AL,0.00,100.00,60.83,0.00,0.00,0.00,2023-10-03,2023-10-09,1
20230926,01113,Russell County,AL,0.00,100.00,3.36,0.00,0.00,0.00,2023-09-26,2023-10-02,1
20230919,01113,Russell County,AL,0.00,100.00,0.00,0.00,0.00,0.00,2023-09-19,2023-09-25,1
20230912,01113,Russell County,AL,0.00,100.00,0.00,0.00,0.00,0.00,2023-09-12,2023-09-18,1
20230905,01113,Russell County,AL,94.36,5.64,0.00,0.00,0.00,0.00,2023-09-05,2023-09-11,1
20230829,01113,Russell County,AL,100.00,0.00,0.00,0.00,0.00,0.00,2023-08-29,2023-09-04,1
20230822,01113,Russell County,AL,100.00,0.00,0.00,0.00,0.00,0.00,2023-08-22,2023-08-28,1
20230815,01113,Russell County,AL,100.00,0.00,0.00,0.00,0.00,0.00,2023-08-15,2023-08-21,1
20230808,01113,Russell County,AL,15.56,84.44,0.00,0.00,0.00,0.00,2023-08-08,2023-08-14,1
20230801,01113,Russell County,AL,14.96,85.04,0.00,0.00,0.00,0.00,2023-08-01,2023-08-07,1
20231114,01115,Saint Clair County,AL,0.00,100.00,100.00,100.00,98.34,0.00,2023-11-14,2023-11-20,1
20231107,01115,Saint Clair County,AL,0.00,100.00,100.00,100.00,0.00,0.00,2023-11-07,2023-11-13,1
20231031,01115,Saint Clair County,AL,0.00,100.00,100.00,78.03,0.00,0.00,2023-10-31,2023-11-06,1
20231024,01115,Saint Clair County,AL,0.00,100.00,100.00,73.59,0.00,0.00,2023-10-24,2023-10-30,1
20231017,01115,Saint Clair County,AL,0.00,100.00,94.54,0.00,0.00,0.00,2023-10-17,2023-10-23,1
20231010,01115,Saint Clair County,AL,0.00,100.00,0.00,0.00,0.00,0.00,2023-10-10,2023-10-16,1
20231003,01115,Saint Clair County,AL,0.00,100.00,0.00,0.00,0.00,0.00,2023-10-03,2023-10-09,1
20230926,01115,Saint Clair County,AL,100.00,0.00,0.00,0.00,0.00,0.00,2023-09-26,2023-10-02,1
20230919,01115,Saint Clair County,AL,100.00,0.00,0.00,0.00,0.00,0.00,2023-09-19,2023-09-25,1
20230912,01115,Saint Clair County,AL,100.00,0.00,0.00,0.00,0.00,0.00,2023-09-12,2023-09-18,1
20230905,01115,Saint Clair County,AL,100.00,0.00,0.00,0.00,0.00,0.00,2023-09-05,2023-09-11,1
20230829,01115,Saint Clair County,AL,100.00,0.00,0.00,0.00,0.00,0.00,2023-08-29,2023-09-04,1
20230822,01115,Saint Clair County,AL,100.00,0.00,0.00,0.00,0.00,0.00,2023-08-22,2023-08-28,1
20230815,01115,Saint Clair County,AL,100.00,0.00,0.00,0.00,0.00,0.00,2023-08-15,2023-08-21,1
20230808,01115,Saint Clair County,AL,100.00,0.00,0.00,0.00,0.00,0.00,2023-08-08,2023-08-14,1
20230801,01115,Saint Clair County,AL,100.00,0.00,0.00,0.00,0.00,0.00,2023-08-01,2023-08-07,1
20231114,01117,Shelby County,AL,0.00,100.00,100.00,100.00,85.76,0.00,2023-11-14,2023-11-20,1
20231107,01117,Shelby County,AL,0.00,100.00,100.00,100.00,0.00,0.00,2023-11-07,2023-11-13,1
20231031,01117,Shelby County,AL,0.00,100.00,100.00,77.24,0.00,0.00,2023-10-31,2023-11-06,1
20231024,01117,Shelby County,AL,0.00,100.00,100.00,25.61,0.00,0.00,2023-10-24,2023-10-30,1
20231017,01117,Shelby County,AL,0.00,100.00,96.05,21.14,0.00,0.00,2023-10-17,2023-10-23,1
20231010,01117,Shelby County,AL,0.00,100.00,44.16,20.75,0.00,0.00,2023-10-10,2023-10-16,1
20231003,01117,Shelby County,AL,0.00,100.00,41.57,0.00,0.00,0.00,2023-10-03,2023-10-09,1
20230926,01117,Shelby County,AL,58.43,41.57,0.00,0.00,0.00,0.00,2023-09-26,2023-10-02,1
20230919,01117,Shelby County,AL,58.43,41.57,0.00,0.00,0.00,0.00,2023-09-19,2023-09-25,1
20230912,01117,Shelby County,AL,87.34,12.66,0.00,0.00,0.00,0.00,2023-09-12,2023-09-18,1
20230905,01117,Shelby County,AL,100.00,0.00,0.00,0.00,0.00,0.00,2023-09-05,2023-09-11,1
20230829,01117,Shelby County,AL,100.00,0.00,0.00,0.00,0.00,0.00,2023-08-29,2023-09-04,1
20230822,01117,Shelby County,AL,100.00,0.00,0.00,0.00,0.00,0.00,2023-08-22,2023-08-28,1
20230815,01117,Shelby County,AL,100.00,0.00,0.00,0.00,0.00,0.00,2023-08-15,2023-08-21,1
20230808,01117,Shelby County,AL,100.00,0.00,0.00,0.00,0.00,0.00,2023-08-08,2023-08-14,1
20230801,01117,Shelby County,AL,100.00,0.00,0.00,0.00,0.00,0.00,2023-08-01,2023-08-07,1
20231114,01119,Sumter County,AL,0.00,100.00,100.00,100.00,0.00,0.00,2023-11-14,2023-11-20,1
20231107,01119,Sumter County,AL,0.00,100.00,100.00,99.38,0.00,0.00,2023-11-07,2023-11-13,1
20231031,01119,Sumter County,AL,0.00,100.00,100.00,2.66,0.00,0.00,2023-10-31,2023-11-06,1
20231024,01119,Sumter County,AL,0.00,100.00,100.00,2.00,0.00,0.00,2023-10-24,2023-10-30,1
20231017,01119,Sumter County,AL,0.00,100.00,100.00,0.00,0.00,0.00,2023-10-17,2023-10-23,1
20231010,01119,Sumter County,AL,0.00,100.00,100.00,0.00,0.00,0.00,2023-10-10,2023-10-16,1
20231003,01119,Sumter County,AL,0.00,100.00,100.00,0.00,0.00,0.00,2023-10-03,2023-10-09,1
20230926,01119,Sumter County,AL,0.00,100.00,0.00,0.00,0.00,0.00,2023-09-26,2023-10-02,1
20230919,01119,Sumter County,AL,0.00,100.00,0.00,0.00,0.00,0.00,2023-09-19,2023-09-25,1
20230912,01119,Sumter County,AL,41.39,58.61,0.00,0.00,0.00,0.00,2023-09-12,2023-09-18,1
20230905,01119,Sumter County,AL,41.39,58.61,0.00,0.00,0.00,0.00,2023-09-05,2023-09-11,1
20230829,01119,Sumter County,AL,57.13,42.87,0.00,0.00,0.00,0.00,2023-08-29,2023-09-04,1
20230822,01119,Sumter County,AL,83.85,16.15,0.00,0.00,0.00,0.00,2023-08-22,2023-08-28,1
20230815,01119,Sumter County,AL,100.00,0.00,0.00,0.00,0.00,0.00,2023-08-15,2023-08-21,1
20230808,01119,Sumter County,AL,100.00,0.00,0.00,0.00,0.00,0.00,2023-08-08,2023-08-14,1
20230801,01119,Sumter County,AL,100.00,0.00,0.00,0.00,0.00,0.00,2023-08-01,2023-08-07,1
20231114,01121,Talladega County,AL,0.00,100.00,100.00,97.71,2.25,0.00,2023-11-14,2023-11-20,1
20231107,01121,Talladega County,AL,0.00,100.00,100.00,97.71,0.00,0.00,2023-11-07,2023-11-13,1
20231031,01121,Talladega County,AL,0.00,100.00,100.00,0.00,0.00,0.00,2023-10-31,2023-11-06,1
20231024,01121,Talladega County,AL,0.00,100.00,99.77,0.00,0.00,0.00,2023-10-24,2023-10-30,1
20231017,01121,Talladega County,AL,0.00,100.00,0.87,0.00,0.00,0.00,2023-10-17,2023-10-23,1
20231010,01121,Talladega County,AL,0.00,100.00,0.00,0.00,0.00,0.00,2023-10-10,2023-10-16,1
20231003,01121,Talladega County,AL,11.30,88.70,0.00,0.00,0.00,0.00,2023-10-03,2023-10-09,1
20230926,01121,Talladega County,AL,100.00,0.00,0.00,0.00,0.00,0.00,2023-09-26,2023-10-02,1
20230919,01121,Talladega County,AL,100.00,0.00,0.00,0.00,0.00,0.00,2023-09-19,2023-09-25,1
20230912,01121,Talladega County,AL,100.00,0.00,0.00,0.00,0.00,0.00,2023-09-12,2023-09-18,1
20230905,01121,Talladega County,AL,100.00,0.00,0.00,0.00,0.00,0.00,2023-09-05,2023-09-11,1
20230829,01121,Talladega County,AL,100.00,0.00,0.00,0.00,0.00,0.00,2023-08-29,2023-09-04,1
20230822,01121,Talladega County,AL,100.00,0.00,0.00,0.00,0.00,0.00,2023-08-22,2023-08-28,1
20230815,01121,Talladega County,AL,100.00,0.00,0.00,0.00,0.00,0.00,2023-08-15,2023-08-21,1
20230808,01121,Talladega County,AL,100.00,0.00,0.00,0.00,0.00,0.00,2023-08-08,2023-08-14,1
20230801,01121,Talladega County,AL,100.00,0.00,0.00,0.00,0.00,0.00,2023-08-01,2023-08-07,1
20231114,01123,Tallapoosa County,AL,0.00,100.00,100.00,0.00,0.00,0.00,2023-11-14,2023-11-20,1
20231107,01123,Tallapoosa County,AL,0.00,100.00,100.00,0.00,0.00,0.00,2023-11-07,2023-11-13,1
20231031,01123,Tallapoosa County,AL,0.00,100.00,91.52,0.00,0.00,0.00,2023-10-31,2023-11-06,1
20231024,01123,Tallapoosa County,AL,0.00,100.00,0.00,0.00,0.00,0.00,2023-10-24,2023-10-30,1
20231017,01123,Tallapoosa County,AL,0.00,100.00,0.00,0.00,0.00,0.00,2023-10-17,2023-10-23,1
20231010,01123,Tallapoosa County,AL,0.00,100.00,0.00,0.00,0.00,0.00,2023-10-10,2023-10-16,1
20231003,01123,Tallapoosa County,AL,0.00,100.00,0.00,0.00,0.00,0.00,2023-10-03,2023-10-09,1
20230926,01123,Tallapoosa County,AL,100.00,0.00,0.00,0.00,0.00,0.00,2023-09-26,2023-10-02,1
20230919,01123,Tallapoosa County,AL,100.00,0.00,0.00,0.00,0.00,0.00,2023-09-19,2023-09-25,1
20230912,01123,Tallapoosa County,AL,100.00,0.00,0.00,0.00,0.00,0.00,2023-09-12,2023-09-18,1
20230905,01123,Tallapoosa County,AL,100.00,0.00,0.00,0.00,0.00,0.00,2023-09-05,2023-09-11,1
20230829,01123,Tallapoosa County,AL,100.00,0.00,0.00,0.00,0.00,0.00,2023-08-29,2023-09-04,1
20230822,01123,Tallapoosa County,AL,100.00,0.00,0.00,0.00,0.00,0.00,2023-08-22,2023-08-28,1
20230815,01123,Tallapoosa County,AL,100.00,0.00,0.00,0.00,0.00,0.00,2023-08-15,2023-08-21,1
20230808,01123,Tallapoosa County,AL,100.00,0.00,0.00,0.00,0.00,0.00,2023-08-08,2023-08-14,1
20230801,01123,Tallapoosa County,AL,100.00,0.00,0.00,0.00,0.00,0.00,2023-08-01,2023-08-07,1
20231114,01125,Tuscaloosa County,AL,0.00,100.00,100.00,100.00,100.00,0.00,2023-11-14,2023-11-20,1
20231107,01125,Tuscaloosa County,AL,0.00,100.00,100.00,100.00,38.78,0.00,2023-11-07,2023-11-13,1
20231031,01125,Tuscaloosa County,AL,0.00,100.00,100.00,100.00,0.00,0.00,2023-10-31,2023-11-06,1
20231024,01125,Tuscaloosa County,AL,0.00,100.00,100.00,94.17,0.00,0.00,2023-10-24,2023-10-30,1
20231017,01125,Tuscaloosa County,AL,0.00,100.00,100.00,11.27,0.00,0.00,2023-10-17,2023-10-23,1
20231010,01125,Tuscaloosa County,AL,0.00,100.00,100.00,0.00,0.00,0.00,2023-10-10,2023-10-16,1
20231003,01125,Tuscaloosa County,AL,0.00,100.00,100.00,0.00,0.00,0.00,2023-10-03,2023-10-09,1
20230926,01125,Tuscaloosa County,AL,0.00,100.00,0.00,0.00,0.00,0.00,2023-09-26,2023-10-02,1
20230919,01125,Tuscaloosa County,AL,0.00,100.00,0.00,0.00,0.00,0.00,2023-09-19,2023-09-25,1
20230912,01125,Tuscaloosa County,AL,87.16,12.84,0.00,0.00,0.00,0.00,2023-09-12,2023-09-18,1
20230905,01125,Tuscaloosa County,AL,91.24,8.76,0.00,0.00,0.00,0.00,2023-09-05,2023-09-11,1
20230829,01125,Tuscaloosa County,AL,82.67,17.33,0.00,0.00,0.00,0.00,2023-08-29,2023-09-04,1
20230822,01125,Tuscaloosa County,AL,100.00,0.00,0.00,0.00,0.00,0.00,2023-08-22,2023-08-28,1
20230815,01125,Tuscaloosa County,AL,100.00,0.00,0.00,0.00,0.00,0.00,2023-08-15,2023-08-21,1
20230808,01125,Tuscaloosa County,AL,100.00,0.00,0.00,0.00,0.00,0.00,2023-08-08,2023-08-14,1
20230801,01125,Tuscaloosa County,AL,100.00,0.00,0.00,0.00,0.00,0.00,2023-08-01,2023-08-07,1
20231114,01127,Walker County,AL,0.00,100.00,100.00,100.00,100.00,0.00,2023-11-14,2023-11-20,1
20231107,01127,Walker County,AL,0.00,100.00,100.00,100.00,95.16,0.00,2023-11-07,2023-11-13,1
20231031,01127,Walker County,AL,0.00,100.00,100.00,100.00,11.99,0.00,2023-10-31,2023-11-06,1
20231024,01127,Walker County,AL,0.00,100.00,100.00,100.00,0.00,0.00,2023-10-24,2023-10-30,1
20231017,01127,Walker County,AL,0.00,100.00,100.00,97.86,0.00,0.00,2023-10-17,2023-10-23,1
20231010,01127,Walker County,AL,0.00,100.00,100.00,0.00,0.00,0.00,2023-10-10,2023-10-16,1
20231003,01127,Walker County,AL,0.00,100.00,100.00,0.00,0.00,0.00,2023-10-03,2023-10-09,1
20230926,01127,Walker County,AL,0.00,100.00,0.00,0.00,0.00,0.00,2023-09-26,2023-10-02,1
20230919,01127,Walker County,AL,0.00,100.00,0.00,0.00,0.00,0.00,2023-09-19,2023-09-25,1
20230912,01127,Walker County,AL,100.00,0.00,0.00,0.00,0.00,0.00,2023-09-12,2023-09-18,1
20230905,01127,Walker County,AL,100.00,0.00,0.00,0.00,0.00,0.00,2023-09-05,2023-09-11,1
20230829,01127,Walker County,AL,100.00,0.00,0.00,0.00,0.00,0.00,2023-08-29,2023-09-04,1
20230822,01127,Walker County,AL,100.00,0.00,0.00,0.00,0.00,0.00,2023-08-22,2023-08-28,1
20230815,01127,Walker County,AL,100.00,0.00,0.00,0.00,0.00,0.00,2023-08-15,2023-08-21,1
20230808,01127,Walker County,AL,100.00,0.00,0.00,0.00,0.00,0.00,2023-08-08,2023-08-14,1
20230801,01127,Walker County,AL,100.00,0.00,0.00,0.00,0.00,0.00,2023-08-01,2023-08-07,1
20231114,01129,Washington County,AL,0.00,100.00,100.00,100.00,19.21,0.00,2023-11-14,2023-11-20,1
20231107,01129,Washington County,AL,0.00,100.00,100.00,100.00,19.21,0.00,2023-11-07,2023-11-13,1
20231031,01129,Washington County,AL,0.00,100.00,100.00,52.17,19.21,0.00,2023-10-31,2023-11-06,1
20231024,01129,Washington County,AL,0.00,100.00,100.00,52.98,18.44,0.00,2023-10-24,2023-10-30,1
20231017,01129,Washington County,AL,0.00,100.00,100.00,52.98,5.52,0.00,2023-10-17,2023-10-23,1
20231010,01129,Washington County,AL,0.00,100.00,100.00,100.00,5.52,0.00,2023-10-10,2023-10-16,1
20231003,01129,Washington County,AL,0.00,100.00,100.00,100.00,4.79,0.00,2023-10-03,2023-10-09,1
20230926,01129,Washington County,AL,0.00,100.00,100.00,100.00,0.29,0.00,2023-09-26,2023-10-02,1
20230919,01129,Washington County,AL,0.00,100.00,100.00,100.00,0.29,0.00,2023-09-19,2023-09-25,1
20230912,01129,Washington County,AL,0.00,100.00,100.00,10.64,0.00,0.00,2023-09-12,2023-09-18,1
20230905,01129,Washington County,AL,0.00,100.00,71.09,5.59,0.00,0.00,2023-09-05,2023-09-11,1
20230829,01129,Washington County,AL,0.00,100.00,100.00,5.59,0.00,0.00,2023-08-29,2023-09-04,1
20230822,01129,Washington County,AL,0.00,100.00,14.64,0.00,0.00,0.00,2023-08-22,2023-08-28,1
20230815,01129,Washington County,AL,77.82,22.18,0.00,0.00,0.00,0.00,2023-08-15,2023-08-21,1
20230808,01129,Washington County,AL,98.21,1.79,0.00,0.00,0.00,0.00,2023-08-08,2023-08-14,1
20230801,01129,Washington County,AL,100.00,0.00,0.00,0.00,0.00,0.00,2023-08-01,2023-08-07,1
20231114,01131,Wilcox County,AL,0.00,100.00,100.00,98.06,0.00,0.00,2023-11-14,2023-11-20,1
20231107,01131,Wilcox County,AL,0.00,100.00,100.00,90.17,0.00,0.00,2023-11-07,2023-11-13,1
20231031,01131,Wilcox County,AL,0.00,100.00,100.00,41.62,0.00,0.00,2023-10-31,2023-11-06,1
20231024,01131,Wilcox County,AL,0.00,100.00,100.00,43.01,0.00,0.00,2023-10-24,2023-10-30,1
20231017,01131,Wilcox County,AL,0.00,100.00,100.00,7.40,0.00,0.00,2023-10-17,2023-10-23,1
20231010,01131,Wilcox County,AL,0.00,100.00,100.00,95.72,0.00,0.00,2023-10-10,2023-10-16,1
20231003,01131,Wilcox County,AL,0.00,100.00,100.00,0.01,0.00,0.00,2023-10-03,2023-10-09,1
20230926,01131,Wilcox County,AL,0.00,100.00,41.79,0.00,0.00,0.00,2023-09-26,2023-10-02,1
20230919,01131,Wilcox County,AL,0.00,100.00,41.79,0.00,0.00,0.00,2023-09-19,2023-09-25,1
20230912,01131,Wilcox County,AL,19.33,80.67,26.99,0.00,0.00,0.00,2023-09-12,2023-09-18,1
20230905,01131,Wilcox County,AL,26.25,73.75,0.00,0.00,0.00,0.00,2023-09-05,2023-09-11,1
20230829,01131,Wilcox County,AL,5.00,95.00,0.00,0.00,0.00,0.00,2023-08-29,2023-09-04,1
20230822,01131,Wilcox County,AL,5.42,94.58,0.00,0.00,0.00,0.00,2023-08-22,2023-08-28,1
20230815,01131,Wilcox County,AL,100.00,0.00,0.00,0.00,0.00,0.00,2023-08-15,2023-08-21,1
20230808,01131,Wilcox County,AL,100.00,0.00,0.00,0.00,0.00,0.00,2023-08-08,2023-08-14,1
20230801,01131,Wilcox County,AL,100.00,0.00,0.00,0.00,0.00,0.00,2023-08-01,2023-08-07,1
20231114,01133,Winston County,AL,0.00,100.00,100.00,100.00,100.00,0.00,2023-11-14,2023-11-20,1
20231107,01133,Winston County,AL,0.00,100.00,100.00,100.00,100.00,0.00,2023-11-07,2023-11-13,1
20231031,01133,Winston County,AL,0.00,100.00,100.00,100.00,99.84,0.00,2023-10-31,2023-11-06,1
20231024,01133,Winston County,AL,0.00,100.00,100.00,100.00,0.00,0.00,2023-10-24,2023-10-30,1
20231017,01133,Winston County,AL,0.00,100.00,100.00,100.00,0.00,0.00,2023-10-17,2023-10-23,1
20231010,01133,Winston County,AL,0.00,100.00,100.00,0.00,0.00,0.00,2023-10-10,2023-10-16,1
20231003,01133,Winston County,AL,0.00,100.00,100.00,0.00,0.00,0.00,2023-10-03,2023-10-09,1
20230926,01133,Winston County,AL,0.00,100.00,0.00,0.00,0.00,0.00,2023-09-26,2023-10-02,1
20230919,01133,Winston County,AL,0.00,100.00,0.00,0.00,0.00,0.00,2023-09-19,2023-09-25,1
20230912,01133,Winston County,AL,100.00,0.00,0.00,0.00,0.00,0.00,2023-09-12,2023-09-18,1
20230905,01133,Winston County,AL,100.00,0.00,0.00,0.00,0.00,0.00,2023-09-05,2023-09-11,1
20230829,01133,Winston County,AL,100.00,0.00,0.00,0.00,0.00,0.00,2023-08-29,2023-09-04,1
20230822,01133,Winston County,AL,100.00,0.00,0.00,0.00,0.00,0.00,2023-08-22,2023-08-28,1
20230815,01133,Winston County,AL,100.00,0.00,0.00,0.00,0.00,0.00,2023-08-15,2023-08-21,1
20230808,01133,Winston County,AL,100.00,0.00,0.00,0.00,0.00,0.00,2023-08-08,2023-08-14,1
20230801,01133,Winston County,AL,86.23,13.77,0.00,0.00,0.00,0.00,2023-08-01,2023-08-07,1
